Municipality,center_municipality
Aeugst am Albis,Rudolfstetten-Friedlisberg
Affoltern am Albis,Rudolfstetten-Friedlisberg
Bonstetten,Rudolfstetten-Friedlisberg
Hausen am Albis,Rudolfstetten-Friedlisberg
Hedingen,Rudolfstetten-Friedlisberg
Kappel am Albis,Rudolfstetten-Friedlisberg
Knonau,Rudolfstetten-Friedlisberg
Maschwanden,Rudolfstetten-Friedlisberg
Mettmenstetten,Rudolfstetten-Friedlisberg
Obfelden,Rudolfstetten-Friedlisberg
Ottenbach,Rudolfstetten-Friedlisberg
Rifferswil,Rudolfstetten-Friedlisberg
Stallikon,Rudolfstetten-Friedlisberg
Wettswil am Albis,Rudolfstetten-Friedlisberg
Adlikon,Rudolfstetten-Friedlisberg
Benken (ZH),Rudolfstetten-Friedlisberg
Berg am Irchel,Rudolfstetten-Friedlisberg
Buch am Irchel,Rudolfstetten-Friedlisberg
Dachsen,Rudolfstetten-Friedlisberg
Dorf,Rudolfstetten-Friedlisberg
Feuerthalen,Rudolfstetten-Friedlisberg
Flaach,Rudolfstetten-Friedlisberg
Flurlingen,Rudolfstetten-Friedlisberg
Andelfingen,Rudolfstetten-Friedlisberg
Henggart,Rudolfstetten-Friedlisberg
Humlikon,Rudolfstetten-Friedlisberg
Kleinandelfingen,Rudolfstetten-Friedlisberg
Laufen-Uhwiesen,Rudolfstetten-Friedlisberg
Marthalen,Rudolfstetten-Friedlisberg
Oberstammheim,Rudolfstetten-Friedlisberg
Ossingen,Rudolfstetten-Friedlisberg
Rheinau,Rudolfstetten-Friedlisberg
Thalheim an der Thur,Rudolfstetten-Friedlisberg
Trüllikon,Rudolfstetten-Friedlisberg
Truttikon,Rudolfstetten-Friedlisberg
Unterstammheim,Rudolfstetten-Friedlisberg
Volken,Rudolfstetten-Friedlisberg
Waltalingen,Rudolfstetten-Friedlisberg
Bachenbülach,Rudolfstetten-Friedlisberg
Bassersdorf,Rudolfstetten-Friedlisberg
Bülach,Rudolfstetten-Friedlisberg
Dietlikon,Rudolfstetten-Friedlisberg
Eglisau,Rudolfstetten-Friedlisberg
Embrach,Rudolfstetten-Friedlisberg
Freienstein-Teufen,Rudolfstetten-Friedlisberg
Glattfelden,Rudolfstetten-Friedlisberg
Hochfelden,Rudolfstetten-Friedlisberg
Höri,Rudolfstetten-Friedlisberg
Hüntwangen,Rudolfstetten-Friedlisberg
Kloten,Rudolfstetten-Friedlisberg
Lufingen,Rudolfstetten-Friedlisberg
Nürensdorf,Rudolfstetten-Friedlisberg
Oberembrach,Rudolfstetten-Friedlisberg
Opfikon,Rudolfstetten-Friedlisberg
Rafz,Rudolfstetten-Friedlisberg
Rorbas,Rudolfstetten-Friedlisberg
Wallisellen,Rudolfstetten-Friedlisberg
Wasterkingen,Rudolfstetten-Friedlisberg
Wil (ZH),Rudolfstetten-Friedlisberg
Winkel,Rudolfstetten-Friedlisberg
Bachs,Rudolfstetten-Friedlisberg
Boppelsen,Rudolfstetten-Friedlisberg
Buchs (ZH),Rudolfstetten-Friedlisberg
Dällikon,Rudolfstetten-Friedlisberg
Dänikon,Rudolfstetten-Friedlisberg
Dielsdorf,Rudolfstetten-Friedlisberg
Hüttikon,Rudolfstetten-Friedlisberg
Neerach,Rudolfstetten-Friedlisberg
Niederglatt,Rudolfstetten-Friedlisberg
Niederhasli,Rudolfstetten-Friedlisberg
Niederweningen,Rudolfstetten-Friedlisberg
Oberglatt,Rudolfstetten-Friedlisberg
Oberweningen,Rudolfstetten-Friedlisberg
Otelfingen,Rudolfstetten-Friedlisberg
Regensberg,Rudolfstetten-Friedlisberg
Regensdorf,Rudolfstetten-Friedlisberg
Rümlang,Rudolfstetten-Friedlisberg
Schleinikon,Rudolfstetten-Friedlisberg
Schöfflisdorf,Rudolfstetten-Friedlisberg
Stadel,Rudolfstetten-Friedlisberg
Steinmaur,Rudolfstetten-Friedlisberg
Weiach,Rudolfstetten-Friedlisberg
Bäretswil,Rudolfstetten-Friedlisberg
Bubikon,Rudolfstetten-Friedlisberg
Dürnten,Rudolfstetten-Friedlisberg
Fischenthal,Rudolfstetten-Friedlisberg
Gossau (ZH),Rudolfstetten-Friedlisberg
Grüningen,Rudolfstetten-Friedlisberg
Hinwil,Rudolfstetten-Friedlisberg
Rüti (ZH),Rudolfstetten-Friedlisberg
Seegräben,Rudolfstetten-Friedlisberg
Wald (ZH),Rudolfstetten-Friedlisberg
Wetzikon (ZH),Rudolfstetten-Friedlisberg
Adliswil,Rudolfstetten-Friedlisberg
Hirzel,Rudolfstetten-Friedlisberg
Horgen,Rudolfstetten-Friedlisberg
Hütten,Rudolfstetten-Friedlisberg
Kilchberg (ZH),Rudolfstetten-Friedlisberg
Langnau am Albis,Rudolfstetten-Friedlisberg
Oberrieden,Rudolfstetten-Friedlisberg
Richterswil,Rudolfstetten-Friedlisberg
Rüschlikon,Rudolfstetten-Friedlisberg
Schönenberg (ZH),Rudolfstetten-Friedlisberg
Thalwil,Rudolfstetten-Friedlisberg
Wädenswil,Rudolfstetten-Friedlisberg
Erlenbach (ZH),Rudolfstetten-Friedlisberg
Herrliberg,Rudolfstetten-Friedlisberg
Hombrechtikon,Rudolfstetten-Friedlisberg
Küsnacht (ZH),Rudolfstetten-Friedlisberg
Männedorf,Rudolfstetten-Friedlisberg
Meilen,Rudolfstetten-Friedlisberg
Oetwil am See,Rudolfstetten-Friedlisberg
Stäfa,Rudolfstetten-Friedlisberg
Uetikon am See,Rudolfstetten-Friedlisberg
Zumikon,Rudolfstetten-Friedlisberg
Zollikon,Rudolfstetten-Friedlisberg
Bauma,Rudolfstetten-Friedlisberg
Fehraltorf,Rudolfstetten-Friedlisberg
Hittnau,Rudolfstetten-Friedlisberg
Illnau-Effretikon,Rudolfstetten-Friedlisberg
Kyburg,Rudolfstetten-Friedlisberg
Lindau,Rudolfstetten-Friedlisberg
Pfäffikon,Rudolfstetten-Friedlisberg
Russikon,Rudolfstetten-Friedlisberg
Sternenberg,Rudolfstetten-Friedlisberg
Weisslingen,Rudolfstetten-Friedlisberg
Wila,Rudolfstetten-Friedlisberg
Wildberg,Rudolfstetten-Friedlisberg
Dübendorf,Rudolfstetten-Friedlisberg
Egg,Rudolfstetten-Friedlisberg
Fällanden,Rudolfstetten-Friedlisberg
Greifensee,Rudolfstetten-Friedlisberg
Maur,Rudolfstetten-Friedlisberg
Mönchaltorf,Rudolfstetten-Friedlisberg
Schwerzenbach,Rudolfstetten-Friedlisberg
Uster,Rudolfstetten-Friedlisberg
Volketswil,Rudolfstetten-Friedlisberg
Wangen-Brüttisellen,Rudolfstetten-Friedlisberg
Altikon,Rudolfstetten-Friedlisberg
Bertschikon,Rudolfstetten-Friedlisberg
Brütten,Rudolfstetten-Friedlisberg
Dägerlen,Rudolfstetten-Friedlisberg
Dättlikon,Rudolfstetten-Friedlisberg
Dinhard,Rudolfstetten-Friedlisberg
Elgg,Rudolfstetten-Friedlisberg
Ellikon an der Thur,Rudolfstetten-Friedlisberg
Elsau,Rudolfstetten-Friedlisberg
Hagenbuch,Rudolfstetten-Friedlisberg
Hettlingen,Rudolfstetten-Friedlisberg
Hofstetten (ZH),Rudolfstetten-Friedlisberg
Neftenbach,Rudolfstetten-Friedlisberg
Pfungen,Rudolfstetten-Friedlisberg
Rickenbach (ZH),Rudolfstetten-Friedlisberg
Schlatt (ZH),Rudolfstetten-Friedlisberg
Seuzach,Rudolfstetten-Friedlisberg
Turbenthal,Rudolfstetten-Friedlisberg
Wiesendangen,Rudolfstetten-Friedlisberg
Winterthur,Rudolfstetten-Friedlisberg
Zell (ZH),Rudolfstetten-Friedlisberg
Aesch (ZH),Rudolfstetten-Friedlisberg
Birmensdorf (ZH),Rudolfstetten-Friedlisberg
Dietikon,Rudolfstetten-Friedlisberg
Geroldswil,Rudolfstetten-Friedlisberg
Oberengstringen,Rudolfstetten-Friedlisberg
Oetwil an der Limmat,Rudolfstetten-Friedlisberg
Schlieren,Rudolfstetten-Friedlisberg
Uitikon,Rudolfstetten-Friedlisberg
Unterengstringen,Rudolfstetten-Friedlisberg
Urdorf,Rudolfstetten-Friedlisberg
Weiningen (ZH),Rudolfstetten-Friedlisberg
Zürich,Rudolfstetten-Friedlisberg
Aarberg,Leuzigen
Bargen (BE),Leuzigen
Grossaffoltern,Leuzigen
Kallnach,Leuzigen
Kappelen,Leuzigen
Lyss,Leuzigen
Meikirch,Leuzigen
Niederried bei Kallnach,Leuzigen
Radelfingen,Leuzigen
Rapperswil (BE),Leuzigen
Schüpfen,Leuzigen
Seedorf (BE),Leuzigen
Aarwangen,Leuzigen
Auswil,Leuzigen
Bannwil,Leuzigen
Bleienbach,Leuzigen
Busswil bei Melchnau,Leuzigen
Gondiswil,Leuzigen
Gutenburg,Leuzigen
Kleindietwil,Leuzigen
Langenthal,Leuzigen
Leimiswil,Leuzigen
Lotzwil,Leuzigen
Madiswil,Leuzigen
Melchnau,Leuzigen
Obersteckholz,Leuzigen
Oeschenbach,Leuzigen
Reisiswil,Leuzigen
Roggwil (BE),Leuzigen
Rohrbach,Leuzigen
Rohrbachgraben,Leuzigen
Rütschelen,Leuzigen
Schwarzhäusern,Leuzigen
Thunstetten,Leuzigen
Untersteckholz,Leuzigen
Ursenbach,Leuzigen
Wynau,Leuzigen
Bern,Leuzigen
Bolligen,Leuzigen
Bremgarten bei Bern,Leuzigen
Kirchlindach,Leuzigen
Köniz,Leuzigen
Muri bei Bern,Leuzigen
Oberbalm,Leuzigen
Stettlen,Leuzigen
Vechigen,Leuzigen
Wohlen bei Bern,Leuzigen
Zollikofen,Leuzigen
Ittigen,Leuzigen
Ostermundigen,Leuzigen
Biel,Leuzigen
Evilard,Leuzigen
Arch,Leuzigen
Büetigen,Leuzigen
Büren an der Aare,Leuzigen
Busswil bei Büren,Leuzigen
Diessbach bei Büren,Leuzigen
Dotzigen,Leuzigen
Lengnau (BE),Leuzigen
Leuzigen,Leuzigen
Meienried,Leuzigen
Meinisberg,Leuzigen
Oberwil bei Büren,Leuzigen
Pieterlen,Leuzigen
Rüti bei Büren,Leuzigen
Wengi,Leuzigen
Aefligen,Leuzigen
Alchenstorf,Leuzigen
Bäriswil,Leuzigen
Burgdorf,Leuzigen
Ersigen,Leuzigen
Hasle bei Burgdorf,Leuzigen
Heimiswil,Leuzigen
Hellsau,Leuzigen
Hindelbank,Leuzigen
Höchstetten,Leuzigen
Kernenried,Leuzigen
Kirchberg (BE),Leuzigen
Koppigen,Leuzigen
Krauchthal,Leuzigen
Lyssach,Leuzigen
Mötschwil,Leuzigen
Niederösch,Leuzigen
Oberburg,Leuzigen
Oberösch,Leuzigen
Rüdtligen-Alchenflüh,Leuzigen
Rumendingen,Leuzigen
Rüti bei Lyssach,Leuzigen
Willadingen,Leuzigen
Wynigen,Leuzigen
Corgémont,Leuzigen
Cormoret,Leuzigen
Cortébert,Leuzigen
Courtelary,Leuzigen
La Ferrière,Poliez-Pittet
La Heutte,Leuzigen
Mont-Tramelan,Leuzigen
Orvin,Leuzigen
Péry,Leuzigen
Plagne,Leuzigen
Renan (BE),Leuzigen
Romont (BE),Leuzigen
Saint-Imier,Leuzigen
Sonceboz-Sombeval,Leuzigen
Sonvilier,Leuzigen
Tramelan,Leuzigen
Vauffelin,Leuzigen
Villeret,Leuzigen
Brüttelen,Leuzigen
Erlach,Leuzigen
Finsterhennen,Leuzigen
Gals,Leuzigen
Gampelen,Leuzigen
Ins,Leuzigen
Lüscherz,Leuzigen
Müntschemier,Leuzigen
Siselen,Leuzigen
Treiten,Leuzigen
Tschugg,Leuzigen
Vinelz,Leuzigen
Ballmoos,Leuzigen
Bangerten,Leuzigen
Bätterkinden,Leuzigen
Büren zum Hof,Leuzigen
Deisswil bei Münchenbuchsee,Leuzigen
Diemerswil,Leuzigen
Etzelkofen,Leuzigen
Fraubrunnen,Leuzigen
Grafenried,Leuzigen
Jegenstorf,Leuzigen
Iffwil,Leuzigen
Limpach,Leuzigen
Mattstetten,Leuzigen
Moosseedorf,Leuzigen
Mülchi,Leuzigen
Münchenbuchsee,Leuzigen
Münchringen,Leuzigen
Ruppoldsried,Leuzigen
Schalunen,Leuzigen
Scheunen,Leuzigen
Urtenen-Schönbühl,Leuzigen
Utzenstorf,Leuzigen
Wiggiswil,Leuzigen
Wiler bei Utzenstorf,Leuzigen
Zauggenried,Leuzigen
Zielebach,Leuzigen
Zuzwil (BE),Leuzigen
Adelboden,Kandersteg
Aeschi bei Spiez,Kandersteg
Frutigen,Kandersteg
Kandergrund,Kandersteg
Kandersteg,Kandersteg
Krattigen,Kandersteg
Reichenbach im Kandertal,Kandersteg
Beatenberg,Kandersteg
Bönigen,Kandersteg
Brienz (BE),Kandersteg
Brienzwiler,Kandersteg
Därligen,Kandersteg
Grindelwald,Kandersteg
Gsteigwiler,Kandersteg
Gündlischwand,Kandersteg
Habkern,Kandersteg
Hofstetten bei Brienz,Kandersteg
Interlaken,Kandersteg
Iseltwald,Kandersteg
Lauterbrunnen,Kandersteg
Leissigen,Kandersteg
Lütschental,Kandersteg
Matten bei Interlaken,Kandersteg
Niederried bei Interlaken,Kandersteg
Oberried am Brienzersee,Kandersteg
Ringgenberg (BE),Kandersteg
Saxeten,Kandersteg
Schwanden bei Brienz,Kandersteg
Unterseen,Kandersteg
Wilderswil,Kandersteg
Aeschlen,Kandersteg
Arni (BE),Leuzigen
Biglen,Leuzigen
Bleiken bei Oberdiessbach,Kandersteg
Bowil,Leuzigen
Brenzikofen,Kandersteg
Freimettigen,Leuzigen
Grosshöchstetten,Leuzigen
Häutligen,Leuzigen
Herbligen,Kandersteg
Kiesen,Kandersteg
Konolfingen,Leuzigen
Landiswil,Leuzigen
Linden,Kandersteg
Mirchel,Leuzigen
Münsingen,Leuzigen
Niederhünigen,Leuzigen
Oberdiessbach,Kandersteg
Oberthal,Leuzigen
Oppligen,Kandersteg
Rubigen,Leuzigen
Schlosswil,Leuzigen
Tägertschi,Leuzigen
Walkringen,Leuzigen
Worb,Leuzigen
Zäziwil,Leuzigen
Oberhünigen,Leuzigen
Allmendingen,Leuzigen
Trimstein,Leuzigen
Wichtrach,Leuzigen
Clavaleyres,Leuzigen
Ferenbalm,Leuzigen
Frauenkappelen,Leuzigen
Golaten,Leuzigen
Gurbrü,Leuzigen
Kriechenwil,Leuzigen
Laupen,Leuzigen
Mühleberg,Leuzigen
Münchenwiler,Leuzigen
Neuenegg,Leuzigen
Wileroltigen,Leuzigen
Belprahon,Leuzigen
Bévilard,Leuzigen
Champoz,Leuzigen
Châtelat,Leuzigen
Corcelles (BE),Leuzigen
Court,Leuzigen
Crémines,Leuzigen
Eschert,Leuzigen
Grandval,Leuzigen
Loveresse,Leuzigen
Malleray,Leuzigen
Monible,Leuzigen
Moutier,Leuzigen
Perrefitte,Leuzigen
Pontenet,Leuzigen
Reconvilier,Leuzigen
Roches (BE),Leuzigen
Saicourt,Leuzigen
Saules (BE),Leuzigen
Schelten,Leuzigen
Seehof,Leuzigen
Sornetan,Leuzigen
Sorvilier,Leuzigen
Souboz,Leuzigen
Tavannes,Leuzigen
Rebévelier,Leuzigen
Diesse,Leuzigen
Lamboing,Leuzigen
La Neuveville,Leuzigen
Nods,Leuzigen
Prêles,Leuzigen
Aegerten,Leuzigen
Bellmund,Leuzigen
Brügg,Leuzigen
Bühl,Leuzigen
Epsach,Leuzigen
Hagneck,Leuzigen
Hermrigen,Leuzigen
Jens,Leuzigen
Ipsach,Leuzigen
Ligerz,Leuzigen
Merzligen,Leuzigen
Mörigen,Leuzigen
Nidau,Leuzigen
Orpund,Leuzigen
Port,Leuzigen
Safnern,Leuzigen
Scheuren,Leuzigen
Schwadernau,Leuzigen
Studen,Leuzigen
Sutz-Lattrigen,Leuzigen
Täuffelen,Leuzigen
Tüscherz-Alfermée,Leuzigen
Twann,Leuzigen
Walperswil,Leuzigen
Worben,Leuzigen
Därstetten,Kandersteg
Diemtigen,Kandersteg
Erlenbach im Simmental,Kandersteg
Niederstocken,Kandersteg
Oberstocken,Kandersteg
Oberwil im Simmental,Kandersteg
Reutigen,Kandersteg
Spiez,Kandersteg
Wimmis,Kandersteg
Gadmen,Rudolfstetten-Friedlisberg
Guttannen,Kandersteg
Hasliberg,Kandersteg
Innertkirchen,Kandersteg
Meiringen,Kandersteg
Schattenhalb,Kandersteg
Boltigen,Kandersteg
Lenk,Kandersteg
St. Stephan,Kandersteg
Zweisimmen,Kandersteg
Gsteig,Kandersteg
Lauenen,Kandersteg
Saanen,Kandersteg
Albligen,Leuzigen
Guggisberg,Leuzigen
Rüschegg,Kandersteg
Wahlern,Leuzigen
Belp,Leuzigen
Belpberg,Leuzigen
Burgistein,Kandersteg
Gelterfingen,Leuzigen
Gerzensee,Leuzigen
Gurzelen,Kandersteg
Jaberg,Kandersteg
Kaufdorf,Leuzigen
Kehrsatz,Leuzigen
Kienersrüti,Kandersteg
Kirchdorf (BE),Kandersteg
Kirchenthurnen,Leuzigen
Lohnstorf,Kandersteg
Mühledorf (BE),Leuzigen
Mühlethurnen,Leuzigen
Niedermuhlern,Leuzigen
Noflen,Leuzigen
Riggisberg,Leuzigen
Rüeggisberg,Leuzigen
Rümligen,Leuzigen
Rüti bei Riggisberg,Kandersteg
Seftigen,Kandersteg
Toffen,Leuzigen
Uttigen,Kandersteg
Wattenwil,Kandersteg
Wald (BE),Leuzigen
Eggiwil,Kandersteg
Langnau im Emmental,Leuzigen
Lauperswil,Leuzigen
Röthenbach im Emmental,Kandersteg
Rüderswil,Leuzigen
Schangnau,Kandersteg
Signau,Leuzigen
Trub,Leuzigen
Trubschachen,Leuzigen
Amsoldingen,Kandersteg
Blumenstein,Kandersteg
Buchholterberg,Kandersteg
Eriz,Kandersteg
Fahrni,Kandersteg
Forst,Kandersteg
Heiligenschwendi,Kandersteg
Heimberg,Kandersteg
Hilterfingen,Kandersteg
Höfen,Kandersteg
Homberg,Kandersteg
Horrenbach-Buchen,Kandersteg
Längenbühl,Kandersteg
Oberhofen am Thunersee,Kandersteg
Oberlangenegg,Kandersteg
Pohlern,Kandersteg
Schwendibach,Kandersteg
Sigriswil,Kandersteg
Steffisburg,Kandersteg
Teuffenthal (BE),Kandersteg
Thierachern,Kandersteg
Thun,Kandersteg
Uebeschi,Kandersteg
Uetendorf,Kandersteg
Unterlangenegg,Kandersteg
Wachseldorn,Kandersteg
Zwieselberg,Kandersteg
Affoltern im Emmental,Leuzigen
Dürrenroth,Leuzigen
Eriswil,Leuzigen
Huttwil,Leuzigen
Lützelflüh,Leuzigen
Rüegsau,Leuzigen
Sumiswald,Leuzigen
Trachselwald,Leuzigen
Walterswil (BE),Leuzigen
Wyssachen,Leuzigen
Attiswil,Leuzigen
Berken,Leuzigen
Bettenhausen,Leuzigen
Bollodingen,Leuzigen
Farnern,Leuzigen
Graben,Leuzigen
Heimenhausen,Leuzigen
Hermiswil,Leuzigen
Herzogenbuchsee,Leuzigen
Inkwil,Leuzigen
Niederbipp,Leuzigen
Niederönz,Leuzigen
Oberbipp,Leuzigen
Oberönz,Leuzigen
Ochlenberg,Leuzigen
Röthenbach bei Herzogenbuchsee,Leuzigen
Rumisberg,Leuzigen
Seeberg,Leuzigen
Thörigen,Leuzigen
Walliswil bei Niederbipp,Leuzigen
Walliswil bei Wangen,Leuzigen
Wangen an der Aare,Leuzigen
Wangenried,Leuzigen
Wanzwil,Leuzigen
Wiedlisbach,Leuzigen
Wolfisberg,Leuzigen
Doppleschwand,Rudolfstetten-Friedlisberg
Entlebuch,Rudolfstetten-Friedlisberg
Escholzmatt,Kandersteg
Flühli,Kandersteg
Hasle (LU),Rudolfstetten-Friedlisberg
Marbach (LU),Kandersteg
Romoos,Rudolfstetten-Friedlisberg
Schüpfheim,Rudolfstetten-Friedlisberg
Werthenstein,Rudolfstetten-Friedlisberg
Aesch (LU),Rudolfstetten-Friedlisberg
Altwis,Rudolfstetten-Friedlisberg
Ballwil,Rudolfstetten-Friedlisberg
Emmen,Rudolfstetten-Friedlisberg
Ermensee,Rudolfstetten-Friedlisberg
Eschenbach (LU),Rudolfstetten-Friedlisberg
Gelfingen,Rudolfstetten-Friedlisberg
Hämikon,Rudolfstetten-Friedlisberg
Hitzkirch,Rudolfstetten-Friedlisberg
Hochdorf,Rudolfstetten-Friedlisberg
Hohenrain,Rudolfstetten-Friedlisberg
Inwil,Rudolfstetten-Friedlisberg
Lieli,Rudolfstetten-Friedlisberg
Mosen,Rudolfstetten-Friedlisberg
Müswangen,Rudolfstetten-Friedlisberg
Rain,Rudolfstetten-Friedlisberg
Retschwil,Rudolfstetten-Friedlisberg
Römerswil,Rudolfstetten-Friedlisberg
Rothenburg,Rudolfstetten-Friedlisberg
Schongau,Rudolfstetten-Friedlisberg
Sulz (LU),Rudolfstetten-Friedlisberg
Adligenswil,Rudolfstetten-Friedlisberg
Buchrain,Rudolfstetten-Friedlisberg
Dierikon,Rudolfstetten-Friedlisberg
Ebikon,Rudolfstetten-Friedlisberg
Gisikon,Rudolfstetten-Friedlisberg
Greppen,Rudolfstetten-Friedlisberg
Honau,Rudolfstetten-Friedlisberg
Horw,Rudolfstetten-Friedlisberg
Kriens,Rudolfstetten-Friedlisberg
Littau,Rudolfstetten-Friedlisberg
Luzern,Rudolfstetten-Friedlisberg
Malters,Rudolfstetten-Friedlisberg
Meggen,Rudolfstetten-Friedlisberg
Meierskappel,Rudolfstetten-Friedlisberg
Root,Rudolfstetten-Friedlisberg
Schwarzenberg,Rudolfstetten-Friedlisberg
Udligenswil,Rudolfstetten-Friedlisberg
Vitznau,Rudolfstetten-Friedlisberg
Weggis,Rudolfstetten-Friedlisberg
Beromünster,Rudolfstetten-Friedlisberg
Büron,Rudolfstetten-Friedlisberg
Buttisholz,Rudolfstetten-Friedlisberg
Eich,Rudolfstetten-Friedlisberg
Geuensee,Rudolfstetten-Friedlisberg
Grosswangen,Rudolfstetten-Friedlisberg
Gunzwil,Rudolfstetten-Friedlisberg
Hildisrieden,Rudolfstetten-Friedlisberg
Knutwil,Rudolfstetten-Friedlisberg
Mauensee,Rudolfstetten-Friedlisberg
Neudorf,Rudolfstetten-Friedlisberg
Neuenkirch,Rudolfstetten-Friedlisberg
Nottwil,Rudolfstetten-Friedlisberg
Oberkirch,Rudolfstetten-Friedlisberg
Pfeffikon,Rudolfstetten-Friedlisberg
Rickenbach (LU),Rudolfstetten-Friedlisberg
Ruswil,Rudolfstetten-Friedlisberg
Schenkon,Rudolfstetten-Friedlisberg
Schlierbach,Rudolfstetten-Friedlisberg
Sempach,Rudolfstetten-Friedlisberg
Sursee,Rudolfstetten-Friedlisberg
Triengen,Rudolfstetten-Friedlisberg
Winikon,Rudolfstetten-Friedlisberg
Wolhusen,Rudolfstetten-Friedlisberg
Alberswil,Rudolfstetten-Friedlisberg
Altbüron,Leuzigen
Altishofen,Rudolfstetten-Friedlisberg
Buchs (LU),Rudolfstetten-Friedlisberg
Dagmersellen,Rudolfstetten-Friedlisberg
Ebersecken,Leuzigen
Egolzwil,Rudolfstetten-Friedlisberg
Ettiswil,Rudolfstetten-Friedlisberg
Fischbach,Leuzigen
Gettnau,Rudolfstetten-Friedlisberg
Grossdietwil,Leuzigen
Hergiswil bei Willisau,Leuzigen
Kottwil,Rudolfstetten-Friedlisberg
Langnau bei Reiden,Rudolfstetten-Friedlisberg
Luthern,Leuzigen
Menznau,Rudolfstetten-Friedlisberg
Nebikon,Rudolfstetten-Friedlisberg
Ohmstal,Rudolfstetten-Friedlisberg
Pfaffnau,Leuzigen
Reiden,Rudolfstetten-Friedlisberg
Richenthal,Leuzigen
Roggliswil,Leuzigen
Schötz,Rudolfstetten-Friedlisberg
Uffikon,Rudolfstetten-Friedlisberg
Ufhusen,Leuzigen
Wauwil,Rudolfstetten-Friedlisberg
Wikon,Rudolfstetten-Friedlisberg
Willisau Land,Rudolfstetten-Friedlisberg
Willisau Stadt,Rudolfstetten-Friedlisberg
Zell (LU),Leuzigen
Altdorf (UR),Rudolfstetten-Friedlisberg
Andermatt,Cugnasco
Attinghausen,Rudolfstetten-Friedlisberg
Bauen,Rudolfstetten-Friedlisberg
Bürglen (UR),Rudolfstetten-Friedlisberg
Erstfeld,Rudolfstetten-Friedlisberg
Flüelen,Rudolfstetten-Friedlisberg
Göschenen,Cugnasco
Gurtnellen,Cugnasco
Hospental,Cugnasco
Isenthal,Rudolfstetten-Friedlisberg
Realp,Cugnasco
Schattdorf,Rudolfstetten-Friedlisberg
Seedorf (UR),Rudolfstetten-Friedlisberg
Seelisberg,Rudolfstetten-Friedlisberg
Silenen,Rudolfstetten-Friedlisberg
Sisikon,Rudolfstetten-Friedlisberg
Spiringen,Rudolfstetten-Friedlisberg
Unterschächen,Rudolfstetten-Friedlisberg
Wassen,Cugnasco
Einsiedeln,Rudolfstetten-Friedlisberg
Gersau,Rudolfstetten-Friedlisberg
Feusisberg,Rudolfstetten-Friedlisberg
Freienbach,Rudolfstetten-Friedlisberg
Wollerau,Rudolfstetten-Friedlisberg
Küssnacht (SZ),Rudolfstetten-Friedlisberg
Altendorf,Rudolfstetten-Friedlisberg
Galgenen,Rudolfstetten-Friedlisberg
Innerthal,Mels
Lachen,Rudolfstetten-Friedlisberg
Reichenburg,Mels
Schübelbach,Mels
Tuggen,Mels
Vorderthal,Mels
Wangen (SZ),Mels
Alpthal,Rudolfstetten-Friedlisberg
Arth,Rudolfstetten-Friedlisberg
Illgau,Rudolfstetten-Friedlisberg
Ingenbohl,Rudolfstetten-Friedlisberg
Lauerz,Rudolfstetten-Friedlisberg
Morschach,Rudolfstetten-Friedlisberg
Muotathal,Rudolfstetten-Friedlisberg
Oberiberg,Rudolfstetten-Friedlisberg
Riemenstalden,Rudolfstetten-Friedlisberg
Rothenthurm,Rudolfstetten-Friedlisberg
Sattel,Rudolfstetten-Friedlisberg
Schwyz,Rudolfstetten-Friedlisberg
Steinen,Rudolfstetten-Friedlisberg
Steinerberg,Rudolfstetten-Friedlisberg
Unteriberg,Rudolfstetten-Friedlisberg
Alpnach,Rudolfstetten-Friedlisberg
Engelberg,Rudolfstetten-Friedlisberg
Giswil,Rudolfstetten-Friedlisberg
Kerns,Rudolfstetten-Friedlisberg
Lungern,Kandersteg
Sachseln,Rudolfstetten-Friedlisberg
Sarnen,Rudolfstetten-Friedlisberg
Beckenried,Rudolfstetten-Friedlisberg
Buochs,Rudolfstetten-Friedlisberg
Dallenwil,Rudolfstetten-Friedlisberg
Emmetten,Rudolfstetten-Friedlisberg
Ennetbürgen,Rudolfstetten-Friedlisberg
Ennetmoos,Rudolfstetten-Friedlisberg
Hergiswil (NW),Rudolfstetten-Friedlisberg
Oberdorf (NW),Rudolfstetten-Friedlisberg
Stans,Rudolfstetten-Friedlisberg
Stansstad,Rudolfstetten-Friedlisberg
Wolfenschiessen,Rudolfstetten-Friedlisberg
Betschwanden,Mels
Bilten,Mels
Braunwald,Mels
Elm,Mels
Engi,Mels
Ennenda,Mels
Filzbach,Mels
Glarus,Mels
Haslen,Mels
Leuggelbach,Mels
Linthal,Mels
Luchsingen,Mels
Matt,Mels
Mitlödi,Mels
Mollis,Mels
Mühlehorn,Mels
Näfels,Mels
Netstal,Mels
Nidfurn,Mels
Niederurnen,Mels
Oberurnen,Mels
Obstalden,Mels
Riedern,Mels
Rüti (GL),Mels
Schwanden (GL),Mels
Schwändi,Mels
Sool,Mels
Baar,Rudolfstetten-Friedlisberg
Cham,Rudolfstetten-Friedlisberg
Hünenberg,Rudolfstetten-Friedlisberg
Menzingen,Rudolfstetten-Friedlisberg
Neuheim,Rudolfstetten-Friedlisberg
Oberägeri,Rudolfstetten-Friedlisberg
Risch,Rudolfstetten-Friedlisberg
Steinhausen,Rudolfstetten-Friedlisberg
Unterägeri,Rudolfstetten-Friedlisberg
Walchwil,Rudolfstetten-Friedlisberg
Zug,Rudolfstetten-Friedlisberg
Autavaux,Poliez-Pittet
Bollion,Poliez-Pittet
Bussy (FR),Poliez-Pittet
Châbles,Poliez-Pittet
Châtillon (FR),Poliez-Pittet
Cheiry,Poliez-Pittet
Cheyres,Poliez-Pittet
Cugy (FR),Poliez-Pittet
Domdidier,Poliez-Pittet
Dompierre (FR),Poliez-Pittet
Estavayer-le-Lac,Poliez-Pittet
Fétigny,Poliez-Pittet
Font,Poliez-Pittet
Forel (FR),Poliez-Pittet
Gletterens,Poliez-Pittet
Léchelles,Poliez-Pittet
Lully (FR),Poliez-Pittet
Ménières,Poliez-Pittet
Montagny (FR),Poliez-Pittet
Montbrelloz,Poliez-Pittet
Morens (FR),Poliez-Pittet
Murist,Poliez-Pittet
Nuvilly,Poliez-Pittet
Prévondavaux,Poliez-Pittet
Rueyres-les-Prés,Poliez-Pittet
Russy,Poliez-Pittet
Saint-Aubin (FR),Poliez-Pittet
Seiry,Poliez-Pittet
Sévaz,Poliez-Pittet
Surpierre,Poliez-Pittet
Vallon,Poliez-Pittet
Villeneuve (FR),Poliez-Pittet
Vuissens,Poliez-Pittet
Les Montets,Poliez-Pittet
Delley-Portalban,Poliez-Pittet
Auboranges,Poliez-Pittet
Billens-Hennens,Poliez-Pittet
Chapelle (Glâne),Poliez-Pittet
Le Châtelard,Poliez-Pittet
Châtonnaye,Poliez-Pittet
Ecublens (FR),Poliez-Pittet
Esmonts,Poliez-Pittet
Grangettes,Poliez-Pittet
Massonnens,Poliez-Pittet
Mézières (FR),Poliez-Pittet
Montet (Glâne),Poliez-Pittet
Romont (FR),Poliez-Pittet
Rue,Poliez-Pittet
Siviriez,Poliez-Pittet
Ursy,Poliez-Pittet
Villaz-Saint-Pierre,Poliez-Pittet
Vuarmarens,Poliez-Pittet
Vuisternens-devant-Romont,Poliez-Pittet
Villorsonnens,Poliez-Pittet
Torny,Poliez-Pittet
La Folliaz,Poliez-Pittet
Haut-Intyamon,Poliez-Pittet
Pont-en-Ogoz,Poliez-Pittet
Botterens,Poliez-Pittet
Broc,Poliez-Pittet
Bulle,Poliez-Pittet
Cerniat (FR),Poliez-Pittet
Charmey,Poliez-Pittet
Châtel-sur-Montsalvens,Poliez-Pittet
Corbières,Poliez-Pittet
Crésuz,Poliez-Pittet
Echarlens,Poliez-Pittet
Grandvillard,Poliez-Pittet
Gruyères,Poliez-Pittet
Hauteville,Poliez-Pittet
Jaun,Kandersteg
Marsens,Poliez-Pittet
Morlon,Poliez-Pittet
Le Pâquier (FR),Poliez-Pittet
Pont-la-Ville,Poliez-Pittet
Riaz,Poliez-Pittet
La Roche,Poliez-Pittet
Sâles,Poliez-Pittet
Sorens,Poliez-Pittet
La Tour-de-Trême,Poliez-Pittet
Vaulruz,Poliez-Pittet
Villarbeney,Poliez-Pittet
Villarvolard,Poliez-Pittet
Vuadens,Poliez-Pittet
Bas-Intyamon,Poliez-Pittet
Arconciel,Poliez-Pittet
Autafond,Poliez-Pittet
Autigny,Poliez-Pittet
Avry,Poliez-Pittet
Belfaux,Poliez-Pittet
Chénens,Poliez-Pittet
Chésopelloz,Poliez-Pittet
Corminboeuf,Poliez-Pittet
Corpataux-Magnedens,Poliez-Pittet
Corserey,Poliez-Pittet
Cottens (FR),Poliez-Pittet
Ependes (FR),Poliez-Pittet
Farvagny,Poliez-Pittet
Ferpicloz,Poliez-Pittet
Fribourg,Poliez-Pittet
Givisiez,Poliez-Pittet
Granges-Paccot,Leuzigen
Grolley,Poliez-Pittet
Marly,Poliez-Pittet
Matran,Poliez-Pittet
Neyruz (FR),Poliez-Pittet
Noréaz,Poliez-Pittet
Pierrafortscha,Leuzigen
Ponthaux,Poliez-Pittet
Le Mouret,Poliez-Pittet
Prez-vers-Noréaz,Poliez-Pittet
Rossens (FR),Poliez-Pittet
Le Glèbe,Poliez-Pittet
Senèdes,Poliez-Pittet
Treyvaux,Poliez-Pittet
Villars-sur-Glâne,Poliez-Pittet
Villarsel-sur-Marly,Poliez-Pittet
Vuisternens-en-Ogoz,Poliez-Pittet
Hauterive (FR),Poliez-Pittet
La Brillaz,Poliez-Pittet
La Sonnaz,Poliez-Pittet
Agriswil,Leuzigen
Barberêche,Leuzigen
Büchslen,Leuzigen
Courgevaux,Leuzigen
Courlevon,Leuzigen
Courtepin,Leuzigen
Cressier (FR),Leuzigen
Fräschels,Leuzigen
Galmiz,Leuzigen
Gempenach,Leuzigen
Greng,Leuzigen
Gurmels,Leuzigen
Jeuss,Leuzigen
Kerzers,Leuzigen
Kleinbösingen,Leuzigen
Lurtigen,Leuzigen
Meyriez,Leuzigen
Misery-Courtion,Poliez-Pittet
Muntelier,Leuzigen
Murten,Leuzigen
Ried bei Kerzers,Leuzigen
Salvenach,Leuzigen
Ulmiz,Leuzigen
Villarepos,Poliez-Pittet
Bas-Vully,Leuzigen
Haut-Vully,Leuzigen
Wallenried,Leuzigen
Alterswil,Leuzigen
Brünisried,Leuzigen
Düdingen,Leuzigen
Giffers,Leuzigen
Bösingen,Leuzigen
Heitenried,Leuzigen
Oberschrot,Leuzigen
Plaffeien,Leuzigen
Plasselb,Leuzigen
Rechthalten,Leuzigen
St. Antoni,Leuzigen
St. Silvester,Leuzigen
St. Ursen,Leuzigen
Schmitten (FR),Leuzigen
Tafers,Leuzigen
Tentlingen,Leuzigen
Ueberstorf,Leuzigen
Wünnewil-Flamatt,Leuzigen
Zumholz,Leuzigen
Attalens,Poliez-Pittet
Bossonnens,Poliez-Pittet
Châtel-Saint-Denis,Poliez-Pittet
Granges (Veveyse),Poliez-Pittet
Remaufens,Poliez-Pittet
Saint-Martin (FR),Poliez-Pittet
Semsales,Poliez-Pittet
Le Flon,Poliez-Pittet
La Verrerie,Poliez-Pittet
Egerkingen,Leuzigen
Härkingen,Leuzigen
Kestenholz,Leuzigen
Neuendorf,Leuzigen
Niederbuchsiten,Leuzigen
Oberbuchsiten,Leuzigen
Oensingen,Leuzigen
Wolfwil,Leuzigen
Aedermannsdorf,Leuzigen
Balsthal,Leuzigen
Gänsbrunnen,Leuzigen
Herbetswil,Leuzigen
Holderbank (SO),Leuzigen
Laupersdorf,Leuzigen
Matzendorf,Leuzigen
Mümliswil-Ramiswil,Leuzigen
Welschenrohr,Leuzigen
Aetigkofen,Leuzigen
Aetingen,Leuzigen
Balm bei Messen,Leuzigen
Bibern (SO),Leuzigen
Biezwil,Leuzigen
Brügglen,Leuzigen
Brunnenthal,Leuzigen
Gossliwil,Leuzigen
Hessigkofen,Leuzigen
Küttigkofen,Leuzigen
Kyburg-Buchegg,Leuzigen
Lüsslingen,Leuzigen
Lüterkofen-Ichertswil,Leuzigen
Lüterswil-Gächliwil,Leuzigen
Messen,Leuzigen
Mühledorf (SO),Leuzigen
Nennigkofen,Leuzigen
Oberramsern,Leuzigen
Schnottwil,Leuzigen
Tscheppach,Leuzigen
Unterramsern,Leuzigen
Bättwil,Leuzigen
Büren (SO),Leuzigen
Dornach,Leuzigen
Gempen,Leuzigen
Hochwald,Leuzigen
Hofstetten-Flüh,Leuzigen
Metzerlen-Mariastein,Leuzigen
Nuglar-St. Pantaleon,Leuzigen
Rodersdorf,Leuzigen
Seewen,Leuzigen
Witterswil,Leuzigen
Hauenstein-Ifenthal,Leuzigen
Kienberg,Rudolfstetten-Friedlisberg
Lostorf,Rudolfstetten-Friedlisberg
Niedererlinsbach,Rudolfstetten-Friedlisberg
Niedergösgen,Rudolfstetten-Friedlisberg
Obererlinsbach,Rudolfstetten-Friedlisberg
Obergösgen,Rudolfstetten-Friedlisberg
Rohr (SO),Rudolfstetten-Friedlisberg
Stüsslingen,Rudolfstetten-Friedlisberg
Trimbach,Leuzigen
Winznau,Rudolfstetten-Friedlisberg
Wisen (SO),Leuzigen
Aeschi (SO),Leuzigen
Biberist,Leuzigen
Bolken,Leuzigen
Deitingen,Leuzigen
Derendingen,Leuzigen
Etziken,Leuzigen
Gerlafingen,Leuzigen
Halten,Leuzigen
Heinrichswil-Winistorf,Leuzigen
Hersiwil,Leuzigen
Horriwil,Leuzigen
Hüniken,Leuzigen
Kriegstetten,Leuzigen
Lohn-Ammannsegg,Leuzigen
Luterbach,Leuzigen
Obergerlafingen,Leuzigen
Oekingen,Leuzigen
Recherswil,Leuzigen
Steinhof,Leuzigen
Subingen,Leuzigen
Zuchwil,Leuzigen
Balm bei Günsberg,Leuzigen
Bellach,Leuzigen
Bettlach,Leuzigen
Feldbrunnen-St. Niklaus,Leuzigen
Flumenthal,Leuzigen
Grenchen,Leuzigen
Günsberg,Leuzigen
Hubersdorf,Leuzigen
Kammersrohr,Leuzigen
Langendorf,Leuzigen
Lommiswil,Leuzigen
Niederwil (SO),Leuzigen
Oberdorf (SO),Leuzigen
Riedholz,Leuzigen
Rüttenen,Leuzigen
Selzach,Leuzigen
Boningen,Leuzigen
Däniken,Rudolfstetten-Friedlisberg
Dulliken,Rudolfstetten-Friedlisberg
Eppenberg-Wöschnau,Rudolfstetten-Friedlisberg
Fulenbach,Leuzigen
Gretzenbach,Rudolfstetten-Friedlisberg
Gunzgen,Leuzigen
Hägendorf,Leuzigen
Kappel (SO),Leuzigen
Olten,Leuzigen
Rickenbach (SO),Leuzigen
Schönenwerd,Rudolfstetten-Friedlisberg
Starrkirch-Wil,Rudolfstetten-Friedlisberg
Walterswil (SO),Rudolfstetten-Friedlisberg
Wangen bei Olten,Leuzigen
Solothurn,Leuzigen
Bärschwil,Leuzigen
Beinwil (SO),Leuzigen
Breitenbach,Leuzigen
Büsserach,Leuzigen
Erschwil,Leuzigen
Fehren,Leuzigen
Grindel,Leuzigen
Himmelried,Leuzigen
Kleinlützel,Leuzigen
Meltingen,Leuzigen
Nunningen,Leuzigen
Zullwil,Leuzigen
Basel,Leuzigen
Bettingen,Leuzigen
Riehen,Leuzigen
Aesch (BL),Leuzigen
Allschwil,Leuzigen
Arlesheim,Leuzigen
Biel-Benken,Leuzigen
Binningen,Leuzigen
Birsfelden,Leuzigen
Bottmingen,Leuzigen
Ettingen,Leuzigen
Münchenstein,Leuzigen
Muttenz,Leuzigen
Oberwil (BL),Leuzigen
Pfeffingen,Leuzigen
Reinach (BL),Leuzigen
Schönenbuch,Leuzigen
Therwil,Leuzigen
Blauen,Leuzigen
Brislach,Leuzigen
Burg im Leimental,Leuzigen
Dittingen,Leuzigen
Duggingen,Leuzigen
Grellingen,Leuzigen
Laufen,Leuzigen
Liesberg,Leuzigen
Nenzlingen,Leuzigen
Roggenburg,Leuzigen
Röschenz,Leuzigen
Wahlen,Leuzigen
Zwingen,Leuzigen
Arisdorf,Leuzigen
Augst,Leuzigen
Bubendorf,Leuzigen
Frenkendorf,Leuzigen
Füllinsdorf,Leuzigen
Giebenach,Leuzigen
Hersberg,Leuzigen
Lausen,Leuzigen
Liestal,Leuzigen
Lupsingen,Leuzigen
Pratteln,Leuzigen
Ramlinsburg,Leuzigen
Seltisberg,Leuzigen
Ziefen,Leuzigen
Anwil,Rudolfstetten-Friedlisberg
Böckten,Leuzigen
Buckten,Leuzigen
Buus,Leuzigen
Diepflingen,Leuzigen
Gelterkinden,Leuzigen
Häfelfingen,Leuzigen
Hemmiken,Leuzigen
Itingen,Leuzigen
Känerkinden,Leuzigen
Kilchberg (BL),Leuzigen
Läufelfingen,Leuzigen
Maisprach,Leuzigen
Nusshof,Leuzigen
Oltingen,Rudolfstetten-Friedlisberg
Ormalingen,Leuzigen
Rickenbach (BL),Leuzigen
Rothenfluh,Rudolfstetten-Friedlisberg
Rümlingen,Leuzigen
Rünenberg,Leuzigen
Sissach,Leuzigen
Tecknau,Leuzigen
Tenniken,Leuzigen
Thürnen,Leuzigen
Wenslingen,Rudolfstetten-Friedlisberg
Wintersingen,Leuzigen
Wittinsburg,Leuzigen
Zeglingen,Leuzigen
Zunzgen,Leuzigen
Arboldswil,Leuzigen
Bennwil,Leuzigen
Bretzwil,Leuzigen
Diegten,Leuzigen
Eptingen,Leuzigen
Hölstein,Leuzigen
Lampenberg,Leuzigen
Langenbruck,Leuzigen
Lauwil,Leuzigen
Liedertswil,Leuzigen
Niederdorf,Leuzigen
Oberdorf (BL),Leuzigen
Reigoldswil,Leuzigen
Titterten,Leuzigen
Waldenburg,Leuzigen
Gächlingen,Rudolfstetten-Friedlisberg
Guntmadingen,Rudolfstetten-Friedlisberg
Löhningen,Rudolfstetten-Friedlisberg
Neunkirch,Rudolfstetten-Friedlisberg
Altdorf (SH),Rudolfstetten-Friedlisberg
Bibern (SH),Rudolfstetten-Friedlisberg
Büttenhardt,Rudolfstetten-Friedlisberg
Dörflingen,Rudolfstetten-Friedlisberg
Hofen,Rudolfstetten-Friedlisberg
Lohn (SH),Rudolfstetten-Friedlisberg
Opfertshofen (SH),Rudolfstetten-Friedlisberg
Stetten (SH),Rudolfstetten-Friedlisberg
Thayngen,Rudolfstetten-Friedlisberg
Bargen (SH),Rudolfstetten-Friedlisberg
Beringen,Rudolfstetten-Friedlisberg
Buchberg,Rudolfstetten-Friedlisberg
Hemmental,Rudolfstetten-Friedlisberg
Merishausen,Rudolfstetten-Friedlisberg
Neuhausen am Rheinfall,Rudolfstetten-Friedlisberg
Rüdlingen,Rudolfstetten-Friedlisberg
Schaffhausen,Rudolfstetten-Friedlisberg
Beggingen,Rudolfstetten-Friedlisberg
Schleitheim,Rudolfstetten-Friedlisberg
Siblingen,Rudolfstetten-Friedlisberg
Buch (SH),Rudolfstetten-Friedlisberg
Hemishofen,Rudolfstetten-Friedlisberg
Ramsen,Rudolfstetten-Friedlisberg
Stein am Rhein,Rudolfstetten-Friedlisberg
Hallau,Rudolfstetten-Friedlisberg
Oberhallau,Rudolfstetten-Friedlisberg
Trasadingen,Rudolfstetten-Friedlisberg
Wilchingen,Rudolfstetten-Friedlisberg
Herisau,Mels
Hundwil,Mels
Schönengrund,Mels
Schwellbrunn,Mels
Stein (AR),Mels
Urnäsch,Mels
Waldstatt,Mels
Bühler,Mels
Gais,Mels
Speicher,Mels
Teufen (AR),Mels
Trogen,Mels
Grub (AR),Mels
Heiden,Mels
Lutzenberg,Mels
Rehetobel,Mels
Reute (AR),Mels
Wald (AR),Mels
Walzenhausen,Mels
Wolfhalden,Mels
Appenzell,Mels
Gonten,Mels
Rüte,Mels
Schlatt-Haslen,Mels
Schwende,Mels
Oberegg,Mels
Häggenschwil,Mels
Muolen,Mels
St. Gallen,Mels
Wittenbach,Mels
Berg (SG),Mels
Eggersriet,Mels
Goldach,Mels
Mörschwil,Mels
Rorschach,Mels
Rorschacherberg,Mels
Steinach,Mels
Tübach,Mels
Untereggen,Mels
Au (SG),Mels
Balgach,Mels
Berneck,Mels
Diepoldsau,Mels
Rheineck,Mels
St. Margrethen,Mels
Thal,Mels
Widnau,Mels
Altstätten,Mels
Eichberg,Mels
Marbach (SG),Mels
Oberriet (SG),Mels
Rebstein,Mels
Rüthi (SG),Mels
Buchs (SG),Mels
Gams,Mels
Grabs,Mels
Sennwald,Mels
Sevelen,Mels
Wartau,Mels
Bad Ragaz,Mels
Flums,Mels
Mels,Mels
Pfäfers,Mels
Quarten,Mels
Sargans,Mels
Vilters-Wangs,Mels
Walenstadt,Mels
Amden,Mels
Benken (SG),Mels
Kaltbrunn,Mels
Rieden,Rudolfstetten-Friedlisberg
Schänis,Mels
Weesen,Mels
Ernetschwil,Mels
Eschenbach (SG),Mels
Goldingen,Mels
Gommiswald,Mels
Jona,Rudolfstetten-Friedlisberg
Rapperswil (SG),Rudolfstetten-Friedlisberg
St. Gallenkappel,Mels
Schmerikon,Mels
Uznach,Mels
Alt St. Johann,Mels
Ebnat-Kappel,Mels
Stein (SG),Mels
Wildhaus,Mels
Nesslau-Krummenau,Mels
Brunnadern,Mels
Hemberg,Mels
Krinau,Mels
Lichtensteig,Mels
Oberhelfenschwil,Mels
St. Peterzell,Mels
Wattwil,Mels
Bütschwil,Mels
Kirchberg (SG),Mels
Lütisburg,Mels
Mosnang,Mels
Degersheim,Mels
Flawil,Mels
Ganterschwil,Mels
Jonschwil,Mels
Mogelsberg,Mels
Oberuzwil,Mels
Uzwil,Mels
Bronschhofen,Mels
Niederbüren,Mels
Niederhelfenschwil,Mels
Oberbüren,Mels
Wil (SG),Mels
Zuzwil (SG),Mels
Andwil (SG),Mels
Gaiserwald,Mels
Gossau (SG),Mels
Waldkirch,Mels
Alvaschein,Mels
Mon,Mels
Mutten,Mels
Stierva,Mels
Tiefencastel,Mels
Vaz,Mels
Alvaneu,Mels
Brienz,Kandersteg
Lantsch,Mels
Schmitten (GR),Mels
Surava,Mels
Bergün,Mels
Filisur,Mels
Wiesen (GR),Mels
Bivio,Mels
Cunter,Mels
Marmorera,Mels
Mulegns,Mels
Riom-Parsonz,Mels
Salouf,Mels
Savognin,Mels
Sur,Mels
Tinizong-Rona,Mels
Brusio,Mels
Poschiavo,Mels
Castrisch,Mels
Falera,Mels
Flond,Mels
Ilanz,Mels
Laax,Mels
Ladir,Mels
Luven,Mels
Pitasch,Mels
Riein,Mels
Ruschein,Mels
Sagogn,Mels
Schluein,Mels
Schnaus,Mels
Sevgein,Mels
Valendas,Mels
Versam,Mels
Cumbel,Mels
Duvin,Mels
Degen,Mels
Lumbrein,Mels
Morissen,Mels
St. Martin,Mels
Suraua,Mels
Surcuolm,Mels
Vals,Mels
Vignogn,Mels
Vella,Mels
Vrin,Mels
Andiast,Mels
Obersaxen,Mels
Pigniu,Mels
Rueun,Mels
Siat,Mels
Waltensburg,Mels
Almens,Mels
Feldis,Mels
Fürstenau,Mels
Paspels,Mels
Pratval,Mels
Rodels,Mels
Rothenbrunnen,Mels
Scharans,Mels
Scheid,Mels
Sils im Domleschg,Mels
Trans,Mels
Tumegl,Mels
Safien,Mels
Tenna,Mels
Cazis,Mels
Flerden,Mels
Masein,Mels
Portein,Mels
Präz,Mels
Sarn,Mels
Tartar,Mels
Thusis,Mels
Tschappina,Mels
Urmein,Mels
Avers,Mels
Hinterrhein,Mels
Medels im Rheinwald,Mels
Nufenen,Cugnasco
Splügen,Mels
Sufers,Mels
Andeer,Mels
Ausserferrera,Mels
Casti-Wergenstein,Mels
Clugin,Mels
Donat,Mels
Innerferrera,Mels
Lohn (GR),Mels
Mathon,Mels
Pignia,Mels
Rongellen,Mels
Zillis-Reischen,Mels
Bonaduz,Mels
Domat,Mels
Rhäzüns,Mels
Felsberg,Mels
Flims,Mels
Tamins,Mels
Trin,Mels
Ardez,Mels
Guarda,Mels
Lavin,Mels
Susch,Mels
Tarasp,Mels
Zernez,Mels
Ramosch,Mels
Samnaun,Mels
Tschlin,Mels
Ftan,Mels
Scuol,Mels
Sent,Mels
Bondo,Cugnasco
Castasegna,Cugnasco
Soglio,Cugnasco
Stampa,Cugnasco
Vicosoprano,Cugnasco
Bever,Mels
Celerina,Mels
Madulain,Mels
Pontresina,Mels
La Punt-Chamues-ch,Mels
Samedan,Mels
St. Moritz,Mels
S-chanf,Mels
Sils im Engadinl,Rudolfstetten-Friedlisberg
Silvaplana,Mels
Zuoz,Mels
Arvigo,Cugnasco
Braggio,Cugnasco
Buseno,Cugnasco
Castaneda,Cugnasco
Cauco,Cugnasco
Rossa,Cugnasco
Santa Maria in Calanca,Cugnasco
Selma,Cugnasco
Lostallo,Cugnasco
Mesocco,Cugnasco
Soazza,Cugnasco
Cama,Cugnasco
Grono,Cugnasco
Leggia,Cugnasco
Roveredo (GR),Cugnasco
San Vittore,Cugnasco
Verdabbio,Cugnasco
Fuldera,Mels
Lü,Mels
Müstair,Mels
Sta. Maria Val Müstair,Mels
Tschierv,Mels
Valchava,Mels
Davos,Mels
Fideris,Mels
Furna,Mels
Jenaz,Mels
Klosters-Serneus,Mels
Conters im Prättigau,Mels
Küblis,Mels
Saas,Mels
Luzein,Mels
St. Antönien Ascharina,Mels
St. Antönien,Mels
Chur,Mels
Churwalden,Mels
Malix,Mels
Parpan,Mels
Praden,Mels
Tschiertschen,Mels
Arosa,Mels
Calfreisen,Mels
Castiel,Mels
Langwies,Mels
Lüen,Mels
Maladers,Mels
Molinis,Mels
Pagig,Mels
Peist,Mels
St. Peter,Rudolfstetten-Friedlisberg
Haldenstein,Mels
Igis,Mels
Mastrils,Mels
Says,Mels
Trimmis,Mels
Untervaz,Mels
Zizers,Mels
Fläsch,Mels
Jenins,Mels
Maienfeld,Mels
Malans,Mels
Grüsch,Mels
Schiers,Mels
Fanas,Mels
Seewis im Prättigau,Mels
Valzeina,Mels
Breil,Mels
Disentis,Cugnasco
Medel (Lucmagn),Cugnasco
Schlans,Mels
Sumvitg,Cugnasco
Tujetsch,Cugnasco
Trun,Mels
Aarau,Rudolfstetten-Friedlisberg
Biberstein,Rudolfstetten-Friedlisberg
Buchs (AG),Rudolfstetten-Friedlisberg
Densbüren,Rudolfstetten-Friedlisberg
Erlinsbach,Rudolfstetten-Friedlisberg
Gränichen,Rudolfstetten-Friedlisberg
Hirschthal,Rudolfstetten-Friedlisberg
Küttigen,Rudolfstetten-Friedlisberg
Muhen,Rudolfstetten-Friedlisberg
Oberentfelden,Rudolfstetten-Friedlisberg
Rohr (AG),Rudolfstetten-Friedlisberg
Suhr,Rudolfstetten-Friedlisberg
Unterentfelden,Rudolfstetten-Friedlisberg
Baden,Rudolfstetten-Friedlisberg
Bellikon,Rudolfstetten-Friedlisberg
Bergdietikon,Rudolfstetten-Friedlisberg
Birmenstorf (AG),Rudolfstetten-Friedlisberg
Ennetbaden,Rudolfstetten-Friedlisberg
Fislisbach,Rudolfstetten-Friedlisberg
Freienwil,Rudolfstetten-Friedlisberg
Gebenstorf,Rudolfstetten-Friedlisberg
Killwangen,Rudolfstetten-Friedlisberg
Künten,Rudolfstetten-Friedlisberg
Mägenwil,Rudolfstetten-Friedlisberg
Mellingen,Rudolfstetten-Friedlisberg
Neuenhof,Rudolfstetten-Friedlisberg
Niederrohrdorf,Rudolfstetten-Friedlisberg
Oberehrendingen,Rudolfstetten-Friedlisberg
Oberrohrdorf,Rudolfstetten-Friedlisberg
Obersiggenthal,Rudolfstetten-Friedlisberg
Remetschwil,Rudolfstetten-Friedlisberg
Spreitenbach,Rudolfstetten-Friedlisberg
Stetten (AG),Rudolfstetten-Friedlisberg
Turgi,Rudolfstetten-Friedlisberg
Unterehrendingen,Rudolfstetten-Friedlisberg
Untersiggenthal,Rudolfstetten-Friedlisberg
Wettingen,Rudolfstetten-Friedlisberg
Wohlenschwil,Rudolfstetten-Friedlisberg
Würenlingen,Rudolfstetten-Friedlisberg
Würenlos,Rudolfstetten-Friedlisberg
Arni (AG),Rudolfstetten-Friedlisberg
Berikon,Rudolfstetten-Friedlisberg
Bremgarten (AG),Rudolfstetten-Friedlisberg
Büttikon,Rudolfstetten-Friedlisberg
Dottikon,Rudolfstetten-Friedlisberg
Eggenwil,Rudolfstetten-Friedlisberg
Fischbach-Göslikon,Rudolfstetten-Friedlisberg
Hägglingen,Rudolfstetten-Friedlisberg
Hermetschwil-Staffeln,Rudolfstetten-Friedlisberg
Hilfikon,Rudolfstetten-Friedlisberg
Jonen,Rudolfstetten-Friedlisberg
Niederwil (AG),Rudolfstetten-Friedlisberg
Oberlunkhofen,Rudolfstetten-Friedlisberg
Oberwil-Lieli,Rudolfstetten-Friedlisberg
Rudolfstetten-Friedlisberg,Rudolfstetten-Friedlisberg
Sarmenstorf,Rudolfstetten-Friedlisberg
Tägerig,Rudolfstetten-Friedlisberg
Uezwil,Rudolfstetten-Friedlisberg
Unterlunkhofen,Rudolfstetten-Friedlisberg
Villmergen,Rudolfstetten-Friedlisberg
Widen,Rudolfstetten-Friedlisberg
Wohlen (AG),Rudolfstetten-Friedlisberg
Zufikon,Rudolfstetten-Friedlisberg
Islisberg,Rudolfstetten-Friedlisberg
Auenstein,Rudolfstetten-Friedlisberg
Birr,Rudolfstetten-Friedlisberg
Birrhard,Rudolfstetten-Friedlisberg
Bözen,Rudolfstetten-Friedlisberg
Brugg,Rudolfstetten-Friedlisberg
Effingen,Rudolfstetten-Friedlisberg
Elfingen,Rudolfstetten-Friedlisberg
Gallenkirch,Rudolfstetten-Friedlisberg
Habsburg,Rudolfstetten-Friedlisberg
Hausen (AG),Rudolfstetten-Friedlisberg
Hottwil,Rudolfstetten-Friedlisberg
Linn,Rudolfstetten-Friedlisberg
Lupfig,Rudolfstetten-Friedlisberg
Mandach,Rudolfstetten-Friedlisberg
Mönthal,Rudolfstetten-Friedlisberg
Mülligen,Rudolfstetten-Friedlisberg
Oberbözberg,Rudolfstetten-Friedlisberg
Oberflachs,Rudolfstetten-Friedlisberg
Remigen,Rudolfstetten-Friedlisberg
Riniken,Rudolfstetten-Friedlisberg
Rüfenach,Rudolfstetten-Friedlisberg
Scherz,Rudolfstetten-Friedlisberg
Schinznach-Bad,Rudolfstetten-Friedlisberg
Schinznach-Dorf,Rudolfstetten-Friedlisberg
Stilli,Rudolfstetten-Friedlisberg
Thalheim (AG),Rudolfstetten-Friedlisberg
Umiken,Rudolfstetten-Friedlisberg
Unterbözberg,Rudolfstetten-Friedlisberg
Veltheim (AG),Rudolfstetten-Friedlisberg
Villigen,Rudolfstetten-Friedlisberg
Villnachern,Rudolfstetten-Friedlisberg
Windisch,Rudolfstetten-Friedlisberg
Beinwil am See,Rudolfstetten-Friedlisberg
Birrwil,Rudolfstetten-Friedlisberg
Burg (AG),Rudolfstetten-Friedlisberg
Dürrenäsch,Rudolfstetten-Friedlisberg
Gontenschwil,Rudolfstetten-Friedlisberg
Holziken,Rudolfstetten-Friedlisberg
Leimbach (AG),Rudolfstetten-Friedlisberg
Leutwil,Rudolfstetten-Friedlisberg
Menziken,Rudolfstetten-Friedlisberg
Oberkulm,Rudolfstetten-Friedlisberg
Reinach (AG),Rudolfstetten-Friedlisberg
Schlossrued,Rudolfstetten-Friedlisberg
Schmiedrued,Rudolfstetten-Friedlisberg
Schöftland,Rudolfstetten-Friedlisberg
Teufenthal (AG),Rudolfstetten-Friedlisberg
Unterkulm,Rudolfstetten-Friedlisberg
Zetzwil,Rudolfstetten-Friedlisberg
Eiken,Rudolfstetten-Friedlisberg
Etzgen,Rudolfstetten-Friedlisberg
Frick,Rudolfstetten-Friedlisberg
Gansingen,Rudolfstetten-Friedlisberg
Gipf-Oberfrick,Rudolfstetten-Friedlisberg
Herznach,Rudolfstetten-Friedlisberg
Hornussen,Rudolfstetten-Friedlisberg
Ittenthal,Rudolfstetten-Friedlisberg
Kaisten,Rudolfstetten-Friedlisberg
Laufenburg,Rudolfstetten-Friedlisberg
Mettau,Rudolfstetten-Friedlisberg
Münchwilen (AG),Rudolfstetten-Friedlisberg
Oberhof,Rudolfstetten-Friedlisberg
Oberhofen (AG),Rudolfstetten-Friedlisberg
Oeschgen,Rudolfstetten-Friedlisberg
Schwaderloch,Rudolfstetten-Friedlisberg
Sisseln,Rudolfstetten-Friedlisberg
Sulz (AG),Rudolfstetten-Friedlisberg
Ueken,Rudolfstetten-Friedlisberg
Wil (AG),Rudolfstetten-Friedlisberg
Wittnau,Rudolfstetten-Friedlisberg
Wölflinswil,Rudolfstetten-Friedlisberg
Zeihen,Rudolfstetten-Friedlisberg
Ammerswil,Rudolfstetten-Friedlisberg
Boniswil,Rudolfstetten-Friedlisberg
Brunegg,Rudolfstetten-Friedlisberg
Dintikon,Rudolfstetten-Friedlisberg
Egliswil,Rudolfstetten-Friedlisberg
Fahrwangen,Rudolfstetten-Friedlisberg
Hallwil,Rudolfstetten-Friedlisberg
Hendschiken,Rudolfstetten-Friedlisberg
Holderbank (AG),Rudolfstetten-Friedlisberg
Hunzenschwil,Rudolfstetten-Friedlisberg
Lenzburg,Rudolfstetten-Friedlisberg
Meisterschwanden,Rudolfstetten-Friedlisberg
Möriken-Wildegg,Rudolfstetten-Friedlisberg
Niederlenz,Rudolfstetten-Friedlisberg
Othmarsingen,Rudolfstetten-Friedlisberg
Rupperswil,Rudolfstetten-Friedlisberg
Schafisheim,Rudolfstetten-Friedlisberg
Seengen,Rudolfstetten-Friedlisberg
Seon,Rudolfstetten-Friedlisberg
Staufen,Rudolfstetten-Friedlisberg
Abtwil,Rudolfstetten-Friedlisberg
Aristau,Rudolfstetten-Friedlisberg
Auw,Rudolfstetten-Friedlisberg
Beinwil (Freiamt),Rudolfstetten-Friedlisberg
Benzenschwil,Rudolfstetten-Friedlisberg
Besenbüren,Rudolfstetten-Friedlisberg
Bettwil,Rudolfstetten-Friedlisberg
Boswil,Rudolfstetten-Friedlisberg
Bünzen,Rudolfstetten-Friedlisberg
Buttwil,Rudolfstetten-Friedlisberg
Dietwil,Rudolfstetten-Friedlisberg
Geltwil,Rudolfstetten-Friedlisberg
Kallern,Rudolfstetten-Friedlisberg
Merenschwand,Rudolfstetten-Friedlisberg
Mühlau,Rudolfstetten-Friedlisberg
Muri (AG),Rudolfstetten-Friedlisberg
Oberrüti,Rudolfstetten-Friedlisberg
Rottenschwil,Rudolfstetten-Friedlisberg
Sins,Rudolfstetten-Friedlisberg
Waltenschwil,Rudolfstetten-Friedlisberg
Hellikon,Rudolfstetten-Friedlisberg
Kaiseraugst,Leuzigen
Magden,Leuzigen
Möhlin,Leuzigen
Mumpf,Rudolfstetten-Friedlisberg
Obermumpf,Rudolfstetten-Friedlisberg
Olsberg,Leuzigen
Rheinfelden,Leuzigen
Schupfart,Rudolfstetten-Friedlisberg
Stein (AG),Rudolfstetten-Friedlisberg
Wallbach,Rudolfstetten-Friedlisberg
Wegenstetten,Rudolfstetten-Friedlisberg
Zeiningen,Leuzigen
Zuzgen,Rudolfstetten-Friedlisberg
Aarburg,Leuzigen
Attelwil,Rudolfstetten-Friedlisberg
Bottenwil,Rudolfstetten-Friedlisberg
Brittnau,Rudolfstetten-Friedlisberg
Kirchleerau,Rudolfstetten-Friedlisberg
Kölliken,Rudolfstetten-Friedlisberg
Moosleerau,Rudolfstetten-Friedlisberg
Murgenthal,Leuzigen
Oftringen,Leuzigen
Reitnau,Rudolfstetten-Friedlisberg
Rothrist,Leuzigen
Safenwil,Rudolfstetten-Friedlisberg
Staffelbach,Rudolfstetten-Friedlisberg
Strengelbach,Leuzigen
Uerkheim,Rudolfstetten-Friedlisberg
Vordemwald,Leuzigen
Wiliberg,Rudolfstetten-Friedlisberg
Zofingen,Rudolfstetten-Friedlisberg
Baldingen,Rudolfstetten-Friedlisberg
Böbikon,Rudolfstetten-Friedlisberg
Böttstein,Rudolfstetten-Friedlisberg
Döttingen,Rudolfstetten-Friedlisberg
Endingen,Rudolfstetten-Friedlisberg
Fisibach,Rudolfstetten-Friedlisberg
Full-Reuenthal,Rudolfstetten-Friedlisberg
Kaiserstuhl,Rudolfstetten-Friedlisberg
Klingnau,Rudolfstetten-Friedlisberg
Koblenz,Rudolfstetten-Friedlisberg
Leibstadt,Rudolfstetten-Friedlisberg
Lengnau (AG),Rudolfstetten-Friedlisberg
Leuggern,Rudolfstetten-Friedlisberg
Mellikon,Rudolfstetten-Friedlisberg
Rekingen (AG),Rudolfstetten-Friedlisberg
Rietheim,Rudolfstetten-Friedlisberg
Rümikon,Rudolfstetten-Friedlisberg
Schneisingen,Rudolfstetten-Friedlisberg
Siglistorf,Rudolfstetten-Friedlisberg
Tegerfelden,Rudolfstetten-Friedlisberg
Unterendingen,Rudolfstetten-Friedlisberg
Wislikofen,Rudolfstetten-Friedlisberg
Zurzach,Rudolfstetten-Friedlisberg
Arbon,Mels
Dozwil,Mels
Egnach,Mels
Hefenhofen,Mels
Horn,Mels
Kesswil,Mels
Roggwil (TG),Mels
Romanshorn,Mels
Salmsach,Mels
Sommeri,Mels
Uttwil,Mels
Amriswil,Mels
Bischofszell,Mels
Erlen,Mels
Hauptwil-Gottshaus,Mels
Hohentannen,Mels
Kradolf-Schönenberg,Mels
Sulgen,Mels
Zihlschlacht-Sitterdorf,Mels
Basadingen-Schlattingen,Rudolfstetten-Friedlisberg
Diessenhofen,Rudolfstetten-Friedlisberg
Schlatt (TG),Rudolfstetten-Friedlisberg
Aadorf,Rudolfstetten-Friedlisberg
Felben-Wellhausen,Rudolfstetten-Friedlisberg
Frauenfeld,Rudolfstetten-Friedlisberg
Gachnang,Rudolfstetten-Friedlisberg
Hüttlingen,Rudolfstetten-Friedlisberg
Matzingen,Rudolfstetten-Friedlisberg
Neunforn,Rudolfstetten-Friedlisberg
Stettfurt,Rudolfstetten-Friedlisberg
Thundorf,Rudolfstetten-Friedlisberg
Uesslingen-Buch,Rudolfstetten-Friedlisberg
Warth-Weiningen,Rudolfstetten-Friedlisberg
Altnau,Mels
Bottighofen,Mels
Ermatingen,Mels
Gottlieben,Mels
Güttingen,Mels
Kemmental,Mels
Kreuzlingen,Mels
Langrickenbach,Mels
Lengwil,Mels
Münsterlingen,Mels
Tägerwilen,Mels
Wäldi,Mels
Affeltrangen,Mels
Bettwiesen,Mels
Bichelsee-Balterswil,Rudolfstetten-Friedlisberg
Braunau,Mels
Eschlikon,Rudolfstetten-Friedlisberg
Fischingen,Mels
Lommis,Mels
Münchwilen (TG),Mels
Rickenbach (TG),Mels
Schönholzerswilen,Mels
Sirnach,Mels
Tobel-Tägerschen,Mels
Wängi,Rudolfstetten-Friedlisberg
Wilen (TG),Mels
Wuppenau,Mels
Berlingen,Rudolfstetten-Friedlisberg
Eschenz,Rudolfstetten-Friedlisberg
Herdern,Rudolfstetten-Friedlisberg
Homburg,Rudolfstetten-Friedlisberg
Hüttwilen,Rudolfstetten-Friedlisberg
Mammern,Rudolfstetten-Friedlisberg
Müllheim,Rudolfstetten-Friedlisberg
Pfyn,Rudolfstetten-Friedlisberg
Raperswilen,Mels
Salenstein,Mels
Steckborn,Rudolfstetten-Friedlisberg
Wagenhausen,Rudolfstetten-Friedlisberg
Amlikon-Bissegg,Mels
Berg (TG),Mels
Birwinken,Mels
Bürglen (TG),Mels
Bussnang,Mels
Märstetten,Mels
Weinfelden,Mels
Wigoltingen,Mels
Arbedo-Castione,Cugnasco
Bellinzona,Cugnasco
Cadenazzo,Cugnasco
Camorino,Cugnasco
Giubiasco,Cugnasco
Gnosca,Cugnasco
Gorduno,Cugnasco
Gudo,Cugnasco
Isone,Cugnasco
Lumino,Cugnasco
Medeglia,Cugnasco
Moleno,Cugnasco
Monte Carasso,Cugnasco
Pianezzo,Cugnasco
Preonzo,Cugnasco
Sant'Antonino,Cugnasco
Sant'Antonio,Cugnasco
Sementina,Cugnasco
Aquila,Cugnasco
Campo (Blenio),Cugnasco
Ghirone,Cugnasco
Ludiano,Cugnasco
Malvaglia,Cugnasco
Olivone,Cugnasco
Semione,Cugnasco
Torre,Cugnasco
Acquarossa,Cugnasco
Airolo,Cugnasco
Anzonico,Cugnasco
Bedretto,Cugnasco
Bodio,Cugnasco
Calonico,Cugnasco
Calpiogna,Cugnasco
Campello,Cugnasco
Cavagnago,Cugnasco
Chiggiogna,Cugnasco
Chironico,Cugnasco
Dalpe,Cugnasco
Faido,Cugnasco
Giornico,Cugnasco
Mairengo,Cugnasco
Osco,Cugnasco
Personico,Cugnasco
Pollegio,Cugnasco
Prato (Leventina),Cugnasco
Quinto,Cugnasco
Rossura,Cugnasco
Sobrio,Cugnasco
Ascona,Cugnasco
Borgnone,Cugnasco
Brione (Verzasca),Cugnasco
Brione sopra Minusio,Cugnasco
Brissago,Cugnasco
Caviano,Cugnasco
Cavigliano,Cugnasco
Contone,Cugnasco
Corippo,Cugnasco
Cugnasco,Cugnasco
Frasco,Cugnasco
Gerra (Gambarogno),Cugnasco
Gerra (Verzasca),Cugnasco
Gordola,Cugnasco
Gresso,Cugnasco
Indemini,Cugnasco
Intragna,Cugnasco
Lavertezzo,Cugnasco
Locarno,Cugnasco
Losone,Cugnasco
Magadino,Cugnasco
Mergoscia,Cugnasco
Minusio,Cugnasco
Mosogno,Cugnasco
Muralto,Cugnasco
Orselina,Cugnasco
Palagnedra,Cugnasco
Piazzogna,Cugnasco
Ronco sopra Ascona,Cugnasco
San Nazzaro,Cugnasco
Sant'Abbondio,Cugnasco
Sonogno,Cugnasco
Tegna,Cugnasco
Tenero-Contra,Cugnasco
Vergeletto,Cugnasco
Verscio,Cugnasco
Vira (Gambarogno),Cugnasco
Vogorno,Cugnasco
Onsernone,Cugnasco
Isorno,Cugnasco
Agno,Cugnasco
Aranno,Cugnasco
Arogno,Cugnasco
Astano,Cugnasco
Barbengo,Cugnasco
Bedano,Cugnasco
Bedigliora,Cugnasco
Bidogno,Cugnasco
Bioggio,Cugnasco
Bironico,Cugnasco
Bissone,Cugnasco
Bogno,Cugnasco
Brusino Arsizio,Cugnasco
Cademario,Cugnasco
Cadempino,Cugnasco
Cadro,Cugnasco
Camignolo,Cugnasco
Canobbio,Cugnasco
Carabbia,Cugnasco
Carabietta,Cugnasco
Carona,Cugnasco
Caslano,Cugnasco
Certara,Cugnasco
Cimadera,Cugnasco
Comano,Cugnasco
Corticiasca,Cugnasco
Croglio,Cugnasco
Cureglia,Cugnasco
Curio,Cugnasco
Grancia,Cugnasco
Gravesano,Cugnasco
Iseo,Cugnasco
Lamone,Cugnasco
Lugaggia,Cugnasco
Lugano,Cugnasco
Magliaso,Cugnasco
Manno,Cugnasco
Maroggia,Cugnasco
Massagno,Cugnasco
Melano,Cugnasco
Melide,Cugnasco
Mezzovico-Vira,Cugnasco
Miglieglia,Cugnasco
Monteggio,Cugnasco
Morcote,Cugnasco
Muzzano,Cugnasco
Neggio,Cugnasco
Novaggio,Cugnasco
Origlio,Cugnasco
Paradiso,Cugnasco
Ponte Capriasca,Cugnasco
Ponte Tresa,Cugnasco
Porza,Cugnasco
Pura,Cugnasco
Rivera,Cugnasco
Rovio,Cugnasco
Savosa,Rudolfstetten-Friedlisberg
Sessa,Cugnasco
Sigirino,Cugnasco
Sonvico,Cugnasco
Sorengo,Cugnasco
Capriasca,Cugnasco
Torricella-Taverne,Cugnasco
Valcolla,Cugnasco
Vernate,Cugnasco
Vezia,Cugnasco
Vico Morcote,Cugnasco
Villa Luganese,Cugnasco
Collina d'Oro,Cugnasco
Alto Malcantone,Cugnasco
Arzo,Cugnasco
Balerna,Cugnasco
Besazio,Cugnasco
Bruzella,Cugnasco
Cabbio,Cugnasco
Caneggio,Cugnasco
Capolago,Cugnasco
Castel San Pietro,Cugnasco
Chiasso,Cugnasco
Coldrerio,Cugnasco
Genestrerio,Cugnasco
Ligornetto,Cugnasco
Mendrisio,Cugnasco
Meride,Cugnasco
Morbio Inferiore,Cugnasco
Morbio Superiore,Cugnasco
Muggio,Cugnasco
Novazzano,Cugnasco
Rancate,Cugnasco
Riva San Vitale,Cugnasco
Sagno,Cugnasco
Stabio,Cugnasco
Tremona,Cugnasco
Vacallo,Cugnasco
Biasca,Cugnasco
Claro,Cugnasco
Cresciano,Cugnasco
Iragna,Cugnasco
Lodrino,Cugnasco
Osogna,Cugnasco
Avegno,Cugnasco
Bignasco,Cugnasco
Bosco,Cugnasco
Campo (Vallemaggia),Cugnasco
Cavergno,Cugnasco
Cerentino,Cugnasco
Cevio,Cugnasco
Gordevio,Cugnasco
Linescio,Cugnasco
Maggia,Cugnasco
Lavizzara,Cugnasco
Aigle,Poliez-Pittet
Bex,Poliez-Pittet
Chessel,Poliez-Pittet
Corbeyrier,Poliez-Pittet
Gryon,Poliez-Pittet
Lavey-Morcles,Poliez-Pittet
Leysin,Poliez-Pittet
Noville,Poliez-Pittet
Ollon,Poliez-Pittet
Ormont-Dessous,Poliez-Pittet
Ormont-Dessus,Kandersteg
Rennaz,Poliez-Pittet
Roche (VD),Poliez-Pittet
Villeneuve (VD),Poliez-Pittet
Yvorne,Poliez-Pittet
Apples,Poliez-Pittet
Aubonne,Poliez-Pittet
Ballens,Poliez-Pittet
Berolle,Poliez-Pittet
Bière,Poliez-Pittet
Bougy-Villars,Poliez-Pittet
Féchy,Poliez-Pittet
Gimel,Poliez-Pittet
Longirod,Poliez-Pittet
Marchissy,Poliez-Pittet
Mollens (VD),Poliez-Pittet
Montherod,Poliez-Pittet
Pizy,Poliez-Pittet
Saint-George,Poliez-Pittet
Saint-Livres,Poliez-Pittet
Saint-Oyens,Poliez-Pittet
Saubraz,Poliez-Pittet
Avenches,Poliez-Pittet
Bellerive (VD),Poliez-Pittet
Chabrey,Poliez-Pittet
Constantine,Poliez-Pittet
Cudrefin,Poliez-Pittet
Donatyre,Poliez-Pittet
Faoug,Poliez-Pittet
Montmagny,Poliez-Pittet
Mur (VD),Leuzigen
Oleyres,Poliez-Pittet
Vallamand,Poliez-Pittet
Villars-le-Grand,Poliez-Pittet
Bettens,Poliez-Pittet
Bournens,Poliez-Pittet
Boussens,Poliez-Pittet
La Chaux (Cossonay),Poliez-Pittet
Chavannes-le-Veyron,Poliez-Pittet
Chevilly,Poliez-Pittet
Cossonay,Poliez-Pittet
Cottens (VD),Poliez-Pittet
Cuarnens,Poliez-Pittet
Daillens,Poliez-Pittet
Dizy,Poliez-Pittet
Eclépens,Poliez-Pittet
Ferreyres,Poliez-Pittet
Gollion,Poliez-Pittet
Grancy,Poliez-Pittet
L'Isle,Poliez-Pittet
Lussery-Villars,Poliez-Pittet
Mauraz,Poliez-Pittet
Mex (VD),Poliez-Pittet
Moiry,Poliez-Pittet
Mont-la-Ville,Poliez-Pittet
Montricher,Poliez-Pittet
Orny,Poliez-Pittet
Pampigny,Poliez-Pittet
Penthalaz,Poliez-Pittet
Penthaz,Poliez-Pittet
Pompaples,Poliez-Pittet
La Sarraz,Poliez-Pittet
Senarclens,Poliez-Pittet
Sévery,Poliez-Pittet
Sullens,Poliez-Pittet
Vufflens-la-Ville,Poliez-Pittet
Assens,Poliez-Pittet
Bercher,Poliez-Pittet
Bioley-Orjulaz,Poliez-Pittet
Bottens,Poliez-Pittet
Bretigny-sur-Morrens,Poliez-Pittet
Cugy (VD),Poliez-Pittet
Dommartin,Poliez-Pittet
Echallens,Poliez-Pittet
Eclagnens,Poliez-Pittet
Essertines-sur-Yverdon,Poliez-Pittet
Etagnières,Poliez-Pittet
Fey,Poliez-Pittet
Froideville,Poliez-Pittet
Goumoens-la-Ville,Poliez-Pittet
Goumoens-le-Jux,Poliez-Pittet
Malapalud,Poliez-Pittet
Morrens (VD),Poliez-Pittet
Naz,Mels
Oulens-sous-Echallens,Poliez-Pittet
Pailly,Poliez-Pittet
Penthéréaz,Poliez-Pittet
Poliez-le-Grand,Poliez-Pittet
Poliez-Pittet,Poliez-Pittet
Rueyres,Poliez-Pittet
Saint-Barthélemy (VD),Poliez-Pittet
Sugnens,Poliez-Pittet
Villars-le-Terroir,Poliez-Pittet
Villars-Tiercelin,Poliez-Pittet
Vuarrens,Poliez-Pittet
Bonvillars,Poliez-Pittet
Bullet,Poliez-Pittet
Champagne,Poliez-Pittet
Concise,Poliez-Pittet
Corcelles-près-Concise,Poliez-Pittet
Fiez,Poliez-Pittet
Fontaines-sur-Grandson,Poliez-Pittet
Fontanezier,Poliez-Pittet
Giez,Poliez-Pittet
Grandevent,Poliez-Pittet
Grandson,Poliez-Pittet
Mauborget,Poliez-Pittet
Mutrux,Poliez-Pittet
Novalles,Poliez-Pittet
Onnens (VD),Poliez-Pittet
Provence,Poliez-Pittet
Romairon,Poliez-Pittet
Sainte-Croix,Poliez-Pittet
Vaugondry,Poliez-Pittet
Villars-Burquin,Poliez-Pittet
Belmont-sur-Lausanne,Poliez-Pittet
Cheseaux-sur-Lausanne,Poliez-Pittet
Crissier,Poliez-Pittet
Epalinges,Poliez-Pittet
Jouxtens-Mézery,Poliez-Pittet
Lausanne,Poliez-Pittet
Le Mont-sur-Lausanne,Poliez-Pittet
Paudex,Poliez-Pittet
Prilly,Poliez-Pittet
Pully,Poliez-Pittet
Renens (VD),Poliez-Pittet
Romanel-sur-Lausanne,Poliez-Pittet
Chexbres,Poliez-Pittet
Cully,Poliez-Pittet
Epesses,Poliez-Pittet
Forel (Lavaux),Poliez-Pittet
Grandvaux,Poliez-Pittet
Lutry,Poliez-Pittet
Puidoux,Poliez-Pittet
Riex,Poliez-Pittet
Rivaz,Poliez-Pittet
Saint-Saphorin (Lavaux),Poliez-Pittet
Savigny,Poliez-Pittet
Villette (Lavaux),Poliez-Pittet
Aclens,Poliez-Pittet
Bremblens,Poliez-Pittet
Buchillon,Poliez-Pittet
Bussigny-près-Lausanne,Poliez-Pittet
Bussy-Chardonney,Poliez-Pittet
Chavannes-près-Renens,Poliez-Pittet
Chigny,Poliez-Pittet
Clarmont,Poliez-Pittet
Colombier (VD),Poliez-Pittet
Denens,Poliez-Pittet
Denges,Poliez-Pittet
Echandens,Poliez-Pittet
Echichens,Poliez-Pittet
Ecublens (VD),Poliez-Pittet
Etoy,Poliez-Pittet
Lavigny,Poliez-Pittet
Lonay,Poliez-Pittet
Lully (VD),Poliez-Pittet
Lussy-sur-Morges,Poliez-Pittet
Monnaz,Poliez-Pittet
Morges,Poliez-Pittet
Préverenges,Poliez-Pittet
Reverolle,Poliez-Pittet
Romanel-sur-Morges,Poliez-Pittet
Saint-Prex,Poliez-Pittet
Saint-Saphorin-sur-Morges,Poliez-Pittet
Saint-Sulpice (VD),Poliez-Pittet
Tolochenaz,Poliez-Pittet
Vaux-sur-Morges,Poliez-Pittet
Villars-Sainte-Croix,Poliez-Pittet
Villars-sous-Yens,Poliez-Pittet
Vufflens-le-Château,Poliez-Pittet
Vullierens,Poliez-Pittet
Yens,Poliez-Pittet
Boulens,Poliez-Pittet
Brenles,Poliez-Pittet
Bussy-sur-Moudon,Poliez-Pittet
Chapelle-sur-Moudon,Poliez-Pittet
Chavannes-sur-Moudon,Poliez-Pittet
Chesalles-sur-Moudon,Poliez-Pittet
Correvon,Poliez-Pittet
Cremin,Poliez-Pittet
Curtilles,Poliez-Pittet
Denezy,Poliez-Pittet
Dompierre (VD),Poliez-Pittet
Forel-sur-Lucens,Poliez-Pittet
Hermenches,Poliez-Pittet
Lovatens,Poliez-Pittet
Lucens,Poliez-Pittet
Martherenges,Poliez-Pittet
Montaubion-Chardonney,Poliez-Pittet
Moudon,Poliez-Pittet
Neyruz-sur-Moudon,Poliez-Pittet
Ogens,Poliez-Pittet
Oulens-sur-Lucens,Poliez-Pittet
Peyres-Possens,Poliez-Pittet
Prévonloup,Poliez-Pittet
Rossenges,Poliez-Pittet
Saint-Cierges,Poliez-Pittet
Sarzens,Poliez-Pittet
Sottens,Poliez-Pittet
Syens,Poliez-Pittet
Thierrens,Poliez-Pittet
Villars-le-Comte,Poliez-Pittet
Villars-Mendraz,Poliez-Pittet
Vucherens,Poliez-Pittet
Arnex-sur-Nyon,Poliez-Pittet
Arzier,Poliez-Pittet
Bassins,Poliez-Pittet
Begnins,Poliez-Pittet
Bogis-Bossey,Poliez-Pittet
Borex,Poliez-Pittet
Chavannes-de-Bogis,Poliez-Pittet
Chavannes-des-Bois,Poliez-Pittet
Chéserex,Poliez-Pittet
Coinsins,Poliez-Pittet
Commugny,Poliez-Pittet
Coppet,Poliez-Pittet
Crans-près-Céligny,Poliez-Pittet
Crassier,Poliez-Pittet
Duillier,Poliez-Pittet
Eysins,Poliez-Pittet
Founex,Poliez-Pittet
Genolier,Poliez-Pittet
Gingins,Poliez-Pittet
Givrins,Poliez-Pittet
Gland,Poliez-Pittet
Grens,Poliez-Pittet
Mies,Poliez-Pittet
Nyon,Poliez-Pittet
Prangins,Poliez-Pittet
La Rippe,Poliez-Pittet
Saint-Cergue,Poliez-Pittet
Signy-Avenex,Poliez-Pittet
Tannay,Poliez-Pittet
Trélex,Poliez-Pittet
Le Vaud,Poliez-Pittet
Vich,Poliez-Pittet
L'Abergement,Poliez-Pittet
Agiez,Poliez-Pittet
Arnex-sur-Orbe,Poliez-Pittet
Ballaigues,Poliez-Pittet
Baulmes,Poliez-Pittet
Bavois,Poliez-Pittet
Bofflens,Poliez-Pittet
Bretonnières,Poliez-Pittet
Chavornay,Poliez-Pittet
Les Clées,Poliez-Pittet
Corcelles-sur-Chavornay,Poliez-Pittet
Croy,Poliez-Pittet
Juriens,Poliez-Pittet
Lignerolle,Poliez-Pittet
Montcherand,Poliez-Pittet
Orbe,Poliez-Pittet
La Praz,Poliez-Pittet
Premier,Poliez-Pittet
Rances,Poliez-Pittet
Romainmôtier-Envy,Poliez-Pittet
Sergey,Poliez-Pittet
Valeyres-sous-Rances,Poliez-Pittet
Vallorbe,Poliez-Pittet
Vaulion,Poliez-Pittet
Vuiteboeuf,Poliez-Pittet
Bussigny-sur-Oron,Poliez-Pittet
Carrouge (VD),Poliez-Pittet
Châtillens,Poliez-Pittet
Chesalles-sur-Oron,Poliez-Pittet
Corcelles-le-Jorat,Poliez-Pittet
Les Cullayes,Poliez-Pittet
Ecoteaux,Poliez-Pittet
Essertes,Poliez-Pittet
Ferlens (VD),Poliez-Pittet
Maracon,Poliez-Pittet
Mézières (VD),Poliez-Pittet
Montpreveyres,Poliez-Pittet
Oron-la-Ville,Poliez-Pittet
Oron-le-Châtel,Poliez-Pittet
Palézieux,Poliez-Pittet
Peney-le-Jorat,Poliez-Pittet
Ropraz,Poliez-Pittet
Servion,Poliez-Pittet
Les Tavernes,Poliez-Pittet
Les Thioleyres,Poliez-Pittet
Vuibroye,Poliez-Pittet
Vulliens,Poliez-Pittet
Cerniaz (VD),Poliez-Pittet
Champtauroz,Poliez-Pittet
Chevroux,Poliez-Pittet
Combremont-le-Grand,Poliez-Pittet
Combremont-le-Petit,Poliez-Pittet
Corcelles-près-Payerne,Poliez-Pittet
Grandcour,Poliez-Pittet
Granges-près-Marnand,Poliez-Pittet
Henniez,Poliez-Pittet
Marnand,Poliez-Pittet
Missy,Poliez-Pittet
Payerne,Poliez-Pittet
Rossens (VD),Poliez-Pittet
Sassel,Poliez-Pittet
Sédeilles,Poliez-Pittet
Seigneux,Poliez-Pittet
Trey,Poliez-Pittet
Treytorrens (Payerne),Poliez-Pittet
Villars-Bramard,Poliez-Pittet
Villarzel,Poliez-Pittet
Château-d'Oex,Poliez-Pittet
Rossinière,Poliez-Pittet
Rougemont,Kandersteg
Allaman,Poliez-Pittet
Bursinel,Poliez-Pittet
Bursins,Poliez-Pittet
Burtigny,Poliez-Pittet
Dully,Poliez-Pittet
Essertines-sur-Rolle,Poliez-Pittet
Gilly,Poliez-Pittet
Luins,Poliez-Pittet
Mont-sur-Rolle,Poliez-Pittet
Perroy,Poliez-Pittet
Rolle,Poliez-Pittet
Tartegnin,Poliez-Pittet
Vinzel,Poliez-Pittet
L'Abbaye,Poliez-Pittet
Le Chenit,Poliez-Pittet
Le Lieu,Poliez-Pittet
Blonay,Poliez-Pittet
Chardonne,Poliez-Pittet
Corseaux,Poliez-Pittet
Corsier-sur-Vevey,Poliez-Pittet
Jongny,Poliez-Pittet
Montreux,Poliez-Pittet
Saint-Légier-La Chiésaz,Poliez-Pittet
La Tour-de-Peilz,Poliez-Pittet
Vevey,Poliez-Pittet
Veytaux,Poliez-Pittet
Belmont-sur-Yverdon,Poliez-Pittet
Bioley-Magnoux,Poliez-Pittet
Chamblon,Poliez-Pittet
Champvent,Poliez-Pittet
Chanéaz,Poliez-Pittet
Chavannes-le-Chêne,Poliez-Pittet
Chêne-Pâquier,Poliez-Pittet
Cheseaux-Noréaz,Poliez-Pittet
Cronay,Poliez-Pittet
Cuarny,Poliez-Pittet
Démoret,Poliez-Pittet
Donneloye,Poliez-Pittet
Ependes (VD),Poliez-Pittet
Essert-Pittet,Poliez-Pittet
Essert-sous-Champvent,Poliez-Pittet
Gossens,Poliez-Pittet
Gressy,Poliez-Pittet
Mathod,Poliez-Pittet
Mézery-près-Donneloye,Poliez-Pittet
Molondin,Poliez-Pittet
Montagny-près-Yverdon,Poliez-Pittet
Oppens,Poliez-Pittet
Orges,Poliez-Pittet
Orzens,Poliez-Pittet
Pomy,Poliez-Pittet
Prahins,Poliez-Pittet
Rovray,Poliez-Pittet
Suchy,Poliez-Pittet
Suscévaz,Poliez-Pittet
Treycovagnes,Poliez-Pittet
Ursins,Poliez-Pittet
Valeyres-sous-Montagny,Poliez-Pittet
Valeyres-sous-Ursins,Poliez-Pittet
Villars-Epeney,Poliez-Pittet
Villars-sous-Champvent,Poliez-Pittet
Vugelles-La Mothe,Poliez-Pittet
Yverdon-les-Bains,Poliez-Pittet
Yvonand,Poliez-Pittet
Birgisch,Kandersteg
Brig-Glis,Kandersteg
Eggerberg,Kandersteg
Mund,Kandersteg
Naters,Kandersteg
Ried-Brig,Kandersteg
Simplon,Kandersteg
Termen,Kandersteg
Zwischbergen,Kandersteg
Ardon,Kandersteg
Chamoson,Kandersteg
Conthey,Kandersteg
Nendaz,Kandersteg
Vétroz,Kandersteg
Bagnes,Kandersteg
Bourg-Saint-Pierre,Kandersteg
Liddes,Kandersteg
Orsières,Kandersteg
Sembrancher,Kandersteg
Vollèges,Kandersteg
Bellwald,Kandersteg
Binn,Kandersteg
Blitzingen,Kandersteg
Ernen,Kandersteg
Fiesch,Kandersteg
Fieschertal,Kandersteg
Lax,Kandersteg
Niederwald,Kandersteg
Obergesteln,Kandersteg
Oberwald,Cugnasco
Ulrichen,Kandersteg
Grafschaft,Rudolfstetten-Friedlisberg
Münster-Geschinen,Kandersteg
Reckingen-Gluringen,Kandersteg
Les Agettes,Kandersteg
Ayent,Kandersteg
Evolène,Kandersteg
Hérémence,Kandersteg
Mase,Kandersteg
Nax,Kandersteg
Saint-Martin (VS),Kandersteg
Vernamiège,Kandersteg
Vex,Kandersteg
Agarn,Kandersteg
Albinen,Kandersteg
Bratsch,Kandersteg
Ergisch,Kandersteg
Erschmatt,Kandersteg
Gampel,Kandersteg
Inden,Kandersteg
Leuk,Kandersteg
Leukerbad,Kandersteg
Oberems,Kandersteg
Salgesch,Kandersteg
Turtmann,Kandersteg
Unterems,Kandersteg
Varen,Kandersteg
Guttet-Feschel,Kandersteg
Bovernier,Poliez-Pittet
Charrat,Kandersteg
Fully,Poliez-Pittet
Isérables,Kandersteg
Leytron,Kandersteg
Martigny,Poliez-Pittet
Martigny-Combe,Poliez-Pittet
Riddes,Kandersteg
Saillon,Kandersteg
Saxon,Kandersteg
Trient,Poliez-Pittet
Champéry,Poliez-Pittet
Collombey-Muraz,Poliez-Pittet
Monthey,Poliez-Pittet
Port-Valais,Poliez-Pittet
Saint-Gingolph,Poliez-Pittet
Troistorrents,Poliez-Pittet
Val-d'Illiez,Poliez-Pittet
Vionnaz,Poliez-Pittet
Vouvry,Poliez-Pittet
Betten,Kandersteg
Bister,Kandersteg
Bitsch,Kandersteg
Filet,Kandersteg
Grengiols,Kandersteg
Martisberg,Kandersteg
Mörel,Kandersteg
Riederalp,Kandersteg
Ausserberg,Kandersteg
Blatten,Kandersteg
Bürchen,Kandersteg
Eischoll,Kandersteg
Ferden,Kandersteg
Hohtenn,Kandersteg
Kippel,Kandersteg
Niedergesteln,Kandersteg
Raron,Kandersteg
Steg,Rudolfstetten-Friedlisberg
Unterbäch,Kandersteg
Wiler (Lötschen),Kandersteg
Collonges,Poliez-Pittet
Dorénaz,Poliez-Pittet
Evionnaz,Poliez-Pittet
Finhaut,Poliez-Pittet
Massongex,Poliez-Pittet
Mex (VS),Poliez-Pittet
Saint-Maurice,Poliez-Pittet
Salvan,Poliez-Pittet
Vernayaz,Poliez-Pittet
Vérossaz,Poliez-Pittet
Ayer,Kandersteg
Chalais,Kandersteg
Chandolin,Kandersteg
Chermignon,Kandersteg
Chippis,Kandersteg
Grimentz,Kandersteg
Grône,Kandersteg
Icogne,Kandersteg
Lens,Kandersteg
Miège,Kandersteg
Mollens (VS),Kandersteg
Montana,Kandersteg
Randogne,Kandersteg
Saint-Jean,Kandersteg
Saint-Léonard,Kandersteg
Saint-Luc,Kandersteg
Sierre,Kandersteg
Venthône,Kandersteg
Veyras,Kandersteg
Vissoie,Kandersteg
Arbaz,Kandersteg
Grimisuat,Kandersteg
Salins,Kandersteg
Savièse,Kandersteg
Sion,Kandersteg
Veysonnaz,Kandersteg
Baltschieder,Kandersteg
Eisten,Kandersteg
Embd,Kandersteg
Grächen,Kandersteg
Lalden,Kandersteg
Randa,Kandersteg
Saas Almagell,Kandersteg
Saas Balen,Kandersteg
Saas Fee,Kandersteg
Saas Grund,Kandersteg
St. Niklaus,Kandersteg
Stalden (VS),Kandersteg
Staldenried,Kandersteg
Täsch,Kandersteg
Törbel,Kandersteg
Visp,Kandersteg
Visperterminen,Kandersteg
Zeneggen,Kandersteg
Zermatt,Kandersteg
Auvernier,Poliez-Pittet
Bevaix,Poliez-Pittet
Bôle,Poliez-Pittet
Boudry,Poliez-Pittet
Brot-Dessous,Poliez-Pittet
Colombier (NE),Poliez-Pittet
Corcelles-Cormondrèche,Poliez-Pittet
Cortaillod,Poliez-Pittet
Fresens,Poliez-Pittet
Gorgier,Poliez-Pittet
Montalchez,Poliez-Pittet
Peseux,Poliez-Pittet
Rochefort,Poliez-Pittet
Saint-Aubin-Sauges,Poliez-Pittet
Vaumarcus,Poliez-Pittet
La Chaux-de-Fonds,Poliez-Pittet
Les Planchettes,Poliez-Pittet
La Sagne,Poliez-Pittet
Les Brenets,Poliez-Pittet
La Brévine,Poliez-Pittet
Brot-Plamboz,Poliez-Pittet
Le Cerneux-Péquignot,Poliez-Pittet
La Chaux-du-Milieu,Poliez-Pittet
Le Locle,Poliez-Pittet
Les Ponts-de-Martel,Poliez-Pittet
Cornaux,Leuzigen
Cressier (NE),Leuzigen
Enges,Leuzigen
Hauterive (NE),Poliez-Pittet
Le Landeron,Leuzigen
Lignières,Leuzigen
Marin-Epagnier,Poliez-Pittet
Neuchâtel,Poliez-Pittet
Saint-Blaise,Poliez-Pittet
Thielle-Wavre,Leuzigen
Boudevilliers,Poliez-Pittet
Cernier,Poliez-Pittet
Chézard-Saint-Martin,Poliez-Pittet
Coffrane,Poliez-Pittet
Dombresson,Poliez-Pittet
Engollon,Poliez-Pittet
Fenin-Vilars-Saules,Poliez-Pittet
Fontainemelon,Poliez-Pittet
Fontaines (NE),Poliez-Pittet
Les Geneveys-sur-Coffrane,Poliez-Pittet
Les Hauts-Geneveys,Poliez-Pittet
Montmollin,Poliez-Pittet
Le Pâquier (NE),Leuzigen
Savagnier,Poliez-Pittet
Valangin,Poliez-Pittet
Villiers,Leuzigen
Les Bayards,Poliez-Pittet
Boveresse,Poliez-Pittet
Buttes,Poliez-Pittet
La Côte-aux-Fées,Poliez-Pittet
Couvet,Poliez-Pittet
Fleurier,Poliez-Pittet
Môtiers (NE),Poliez-Pittet
Noiraigue,Poliez-Pittet
Saint-Sulpice (NE),Poliez-Pittet
Travers,Poliez-Pittet
Les Verrières,Poliez-Pittet
Aire-la-Ville,Poliez-Pittet
Anières,Poliez-Pittet
Avully,Poliez-Pittet
Avusy,Poliez-Pittet
Bardonnex,Poliez-Pittet
Bellevue,Poliez-Pittet
Bernex,Poliez-Pittet
Carouge (GE),Poliez-Pittet
Cartigny,Poliez-Pittet
Céligny,Poliez-Pittet
Chancy,Poliez-Pittet
Chêne-Bougeries,Poliez-Pittet
Chêne-Bourg,Poliez-Pittet
Choulex,Poliez-Pittet
Collex-Bossy,Poliez-Pittet
Collonge-Bellerive,Poliez-Pittet
Cologny,Poliez-Pittet
Confignon,Poliez-Pittet
Corsier (GE),Poliez-Pittet
Dardagny,Poliez-Pittet
Genève,Poliez-Pittet
Genthod,Poliez-Pittet
Le Grand-Saconnex,Poliez-Pittet
Gy,Poliez-Pittet
Hermance,Poliez-Pittet
Jussy,Poliez-Pittet
Laconnex,Poliez-Pittet
Lancy,Poliez-Pittet
Meinier,Poliez-Pittet
Meyrin,Poliez-Pittet
Onex,Poliez-Pittet
Perly-Certoux,Poliez-Pittet
Plan-les-Ouates,Poliez-Pittet
Pregny-Chambésy,Poliez-Pittet
Presinge,Poliez-Pittet
Puplinge,Poliez-Pittet
Russin,Poliez-Pittet
Satigny,Poliez-Pittet
Soral,Poliez-Pittet
Thônex,Poliez-Pittet
Troinex,Poliez-Pittet
Vandoeuvres,Poliez-Pittet
Vernier,Poliez-Pittet
Versoix,Poliez-Pittet
Veyrier,Poliez-Pittet
Bassecourt,Leuzigen
Boécourt,Leuzigen
Bourrignon,Leuzigen
Châtillon (JU),Leuzigen
Corban,Leuzigen
Courchapoix,Leuzigen
Courfaivre,Leuzigen
Courrendlin,Leuzigen
Courroux,Leuzigen
Courtételle,Leuzigen
Delémont,Leuzigen
Develier,Leuzigen
Ederswiler,Leuzigen
Glovelier,Leuzigen
Mervelier,Leuzigen
Mettembert,Leuzigen
Montsevelier,Leuzigen
Movelier,Leuzigen
Pleigne,Leuzigen
Rebeuvelier,Leuzigen
Rossemaison,Leuzigen
Saulcy,Leuzigen
Soulce,Leuzigen
Soyhières,Leuzigen
Undervelier,Leuzigen
Vermes,Leuzigen
Vicques,Leuzigen
Vellerat,Leuzigen
Le Bémont (JU),Leuzigen
Les Bois,Leuzigen
Les Breuleux,Leuzigen
La Chaux-des-Breuleux,Leuzigen
Les Enfers,Leuzigen
Epauvillers,Leuzigen
Epiquerez,Leuzigen
Les Genevez (JU),Leuzigen
Goumois,Leuzigen
Lajoux (JU),Leuzigen
Montfaucon,Leuzigen
Montfavergier,Leuzigen
Muriaux,Leuzigen
Le Noirmont,Poliez-Pittet
Le Peuchapatte,Leuzigen
Les Pommerats,Leuzigen
Saignelégier,Leuzigen
Saint-Brais,Leuzigen
Soubey,Leuzigen
Alle,Leuzigen
Asuel,Leuzigen
Beurnevésin,Leuzigen
Boncourt,Leuzigen
Bonfol,Leuzigen
Bressaucourt,Leuzigen
Buix,Leuzigen
Bure,Leuzigen
Charmoille,Leuzigen
Chevenez,Leuzigen
Coeuve,Leuzigen
Cornol,Leuzigen
Courchavon,Leuzigen
Courgenay,Leuzigen
Courtedoux,Leuzigen
Courtemaîche,Leuzigen
Damphreux,Leuzigen
Damvant,Leuzigen
Fahy,Leuzigen
Fontenais,Leuzigen
Fregiécourt,Leuzigen
Grandfontaine,Leuzigen
Lugnez,Leuzigen
Miécourt,Leuzigen
Montenol,Leuzigen
Montignez,Leuzigen
Montmelon,Leuzigen
Ocourt,Leuzigen
Pleujouse,Leuzigen
Porrentruy,Leuzigen
Réclère,Leuzigen
Roche-d'Or,Leuzigen
Rocourt,Leuzigen
Saint-Ursanne,Leuzigen
Seleute,Leuzigen
Vendlincourt,Leuzigen
Sils im Engadin,Mels
